nphi,delta,c_list
1,0.2218471821963649,"[0.316924545994807]"
2,0.45331585453613055,"[0.316924545994807, 0.330669531913951]"
3,0.5805786986618408,"[0.316924545994807, 0.330669531913951, 0.4438940109388929]"
4,0.1876054652204347,"[0.316924545994807, 0.330669531913951, 0.4438940109388929, 0.46046989519552106]"
5,0.5556851369748147,"[0.316924545994807, 0.330669531913951, 0.4438940109388929, 0.46046989519552106, 0.3539391812862921]"
6,0.5215354443487947,"[0.316924545994807, 0.330669531913951, 0.4438940109388929, 0.46046989519552106, 0.3539391812862921, 0.5025792023177333]"
7,0.11066637764133366,"[0.316924545994807, 0.330669531913951, 0.4438940109388929, 0.46046989519552106, 0.3539391812862921, 0.5025792023177333, 0.5592641677816247]"
8,0.41709245331785116,"[0.316924545994807, 0.330669531913951, 0.4438940109388929, 0.46046989519552106, 0.3539391812862921, 0.5025792023177333, 0.5592641677816247, 0.359072880019242]"
9,0.3717633282459825,"[0.316924545994807, 0.330669531913951, 0.4438940109388929, 0.46046989519552106, 0.3539391812862921, 0.5025792023177333, 0.5592641677816247, 0.359072880019242, 0.3915898131449145]"
10,0.5020254782115384,"[0.316924545994807, 0.330669531913951, 0.4438940109388929, 0.46046989519552106, 0.3539391812862921, 0.5025792023177333, 0.5592641677816247, 0.359072880019242, 0.3915898131449145, 0.3373559600847119]"
11,0.5879996914906866,"[0.316924545994807, 0.330669531913951, 0.4438940109388929, 0.46046989519552106, 0.3539391812862921, 0.5025792023177333, 0.5592641677816247, 0.359072880019242, 0.3915898131449145, 0.3373559600847119, 0.24394847967830527]"
12,0.3670581517241499,"[0.316924545994807, 0.330669531913951, 0.4438940109388929, 0.46046989519552106, 0.3539391812862921, 0.5025792023177333, 0.5592641677816247, 0.359072880019242, 0.3915898131449145, 0.3373559600847119, 0.24394847967830527, 0.11455644930945988]"
13,0.4899449163040186,"[0.316924545994807, 0.330669531913951, 0.4438940109388929, 0.46046989519552106, 0.3539391812862921, 0.5025792023177333, 0.5592641677816247, 0.359072880019242, 0.3915898131449145, 0.3373559600847119, 0.24394847967830527, 0.11455644930945988, 0.39130800396232257]"
14,0.4884303592384725,"[0.316924545994807, 0.330669531913951, 0.4438940109388929, 0.46046989519552106, 0.3539391812862921, 0.5025792023177333, 0.5592641677816247, 0.359072880019242, 0.3915898131449145, 0.3373559600847119, 0.24394847967830527, 0.11455644930945988, 0.39130800396232257, 0.5162873978662867]"
15,0.2912345201993345,"[0.316924545994807, 0.330669531913951, 0.4438940109388929, 0.46046989519552106, 0.3539391812862921, 0.5025792023177333, 0.5592641677816247, 0.359072880019242, 0.3915898131449145, 0.3373559600847119, 0.24394847967830527, 0.11455644930945988, 0.39130800396232257, 0.5162873978662867, 0.49257220620013886]"
16,0.5147303221582016,"[0.316924545994807, 0.330669531913951, 0.4438940109388929, 0.46046989519552106, 0.3539391812862921, 0.5025792023177333, 0.5592641677816247, 0.359072880019242, 0.3915898131449145, 0.3373559600847119, 0.24394847967830527, 0.11455644930945988, 0.39130800396232257, 0.5162873978662867, 0.49257220620013886, 0.23431274890492745]"
17,0.46973305876020766,"[0.316924545994807, 0.330669531913951, 0.4438940109388929, 0.46046989519552106, 0.3539391812862921, 0.5025792023177333, 0.5592641677816247, 0.359072880019242, 0.3915898131449145, 0.3373559600847119, 0.24394847967830527, 0.11455644930945988, 0.39130800396232257, 0.5162873978662867, 0.49257220620013886, 0.23431274890492745, 0.47302759587261034]"
18,0.35234990328233873,"[0.316924545994807, 0.330669531913951, 0.4438940109388929, 0.46046989519552106, 0.3539391812862921, 0.5025792023177333, 0.5592641677816247, 0.359072880019242, 0.3915898131449145, 0.3373559600847119, 0.24394847967830527, 0.11455644930945988, 0.39130800396232257, 0.5162873978662867, 0.49257220620013886, 0.23431274890492745, 0.47302759587261034, 0.3356573196799194]"
19,0.19500777608026282,"[0.316924545994807, 0.330669531913951, 0.4438940109388929, 0.46046989519552106, 0.3539391812862921, 0.5025792023177333, 0.5592641677816247, 0.359072880019242, 0.3915898131449145, 0.3373559600847119, 0.24394847967830527, 0.11455644930945988, 0.39130800396232257, 0.5162873978662867, 0.49257220620013886, 0.23431274890492745, 0.47302759587261034, 0.3356573196799194, 0.14637822738393305]"
20,0.43105238906350873,"[0.316924545994807, 0.330669531913951, 0.4438940109388929, 0.46046989519552106, 0.3539391812862921, 0.5025792023177333, 0.5592641677816247, 0.359072880019242, 0.3915898131449145, 0.3373559600847119, 0.24394847967830527, 0.11455644930945988, 0.39130800396232257, 0.5162873978662867, 0.49257220620013886, 0.23431274890492745, 0.47302759587261034, 0.3356573196799194, 0.14637822738393305, 0.46318294680614625]"
21,0.49295855691597673,"[0.316924545994807, 0.330669531913951, 0.4438940109388929, 0.46046989519552106, 0.3539391812862921, 0.5025792023177333, 0.5592641677816247, 0.359072880019242, 0.3915898131449145, 0.3373559600847119, 0.24394847967830527, 0.11455644930945988, 0.39130800396232257, 0.5162873978662867, 0.49257220620013886, 0.23431274890492745, 0.47302759587261034, 0.3356573196799194, 0.14637822738393305, 0.46318294680614625, 0.15513793299602271]"
22,0.14484375058395593,"[0.316924545994807, 0.330669531913951, 0.4438940109388929, 0.46046989519552106, 0.3539391812862921, 0.5025792023177333, 0.5592641677816247, 0.359072880019242, 0.3915898131449145, 0.3373559600847119, 0.24394847967830527, 0.11455644930945988, 0.39130800396232257, 0.5162873978662867, 0.49257220620013886, 0.23431274890492745, 0.47302759587261034, 0.3356573196799194, 0.14637822738393305, 0.46318294680614625, 0.15513793299602271, 0.3852907398259686]"
23,0.1892264210941128,"[0.316924545994807, 0.330669531913951, 0.4438940109388929, 0.46046989519552106, 0.3539391812862921, 0.5025792023177333, 0.5592641677816247, 0.359072880019242, 0.3915898131449145, 0.3373559600847119, 0.24394847967830527, 0.11455644930945988, 0.39130800396232257, 0.5162873978662867, 0.49257220620013886, 0.23431274890492745, 0.47302759587261034, 0.3356573196799194, 0.14637822738393305, 0.46318294680614625, 0.15513793299602271, 0.3852907398259686, 0.32735561415607684]"
24,0.4194251314294901,"[0.316924545994807, 0.330669531913951, 0.4438940109388929, 0.46046989519552106, 0.3539391812862921, 0.5025792023177333, 0.5592641677816247, 0.359072880019242, 0.3915898131449145, 0.3373559600847119, 0.24394847967830527, 0.11455644930945988, 0.39130800396232257, 0.5162873978662867, 0.49257220620013886, 0.23431274890492745, 0.47302759587261034, 0.3356573196799194, 0.14637822738393305, 0.46318294680614625, 0.15513793299602271, 0.3852907398259686, 0.32735561415607684, 0.2881423368340038]"
25,0.5354635325758538,"[0.316924545994807, 0.330669531913951, 0.4438940109388929, 0.46046989519552106, 0.3539391812862921, 0.5025792023177333, 0.5592641677816247, 0.359072880019242, 0.3915898131449145, 0.3373559600847119, 0.24394847967830527, 0.11455644930945988, 0.39130800396232257, 0.5162873978662867, 0.49257220620013886, 0.23431274890492745, 0.47302759587261034, 0.3356573196799194, 0.14637822738393305, 0.46318294680614625, 0.15513793299602271, 0.3852907398259686, 0.32735561415607684, 0.2881423368340038, 0.13423685718958236]"
26,0.48728257958911164,"[0.316924545994807, 0.330669531913951, 0.4438940109388929, 0.46046989519552106, 0.3539391812862921, 0.5025792023177333, 0.5592641677816247, 0.359072880019242, 0.3915898131449145, 0.3373559600847119, 0.24394847967830527, 0.11455644930945988, 0.39130800396232257, 0.5162873978662867, 0.49257220620013886, 0.23431274890492745, 0.47302759587261034, 0.3356573196799194, 0.14637822738393305, 0.46318294680614625, 0.15513793299602271, 0.3852907398259686, 0.32735561415607684, 0.2881423368340038, 0.13423685718958236, 0.21010503405511813]"
27,0.4096986354173522,"[0.316924545994807, 0.330669531913951, 0.4438940109388929, 0.46046989519552106, 0.3539391812862921, 0.5025792023177333, 0.5592641677816247, 0.359072880019242, 0.3915898131449145, 0.3373559600847119, 0.24394847967830527, 0.11455644930945988, 0.39130800396232257, 0.5162873978662867, 0.49257220620013886, 0.23431274890492745, 0.47302759587261034, 0.3356573196799194, 0.14637822738393305, 0.46318294680614625, 0.15513793299602271, 0.3852907398259686, 0.32735561415607684, 0.2881423368340038, 0.13423685718958236, 0.21010503405511813, 0.5468358461295865]"
28,0.5525051149678845,"[0.316924545994807, 0.330669531913951, 0.4438940109388929, 0.46046989519552106, 0.3539391812862921, 0.5025792023177333, 0.5592641677816247, 0.359072880019242, 0.3915898131449145, 0.3373559600847119, 0.24394847967830527, 0.11455644930945988, 0.39130800396232257, 0.5162873978662867, 0.49257220620013886, 0.23431274890492745, 0.47302759587261034, 0.3356573196799194, 0.14637822738393305, 0.46318294680614625, 0.15513793299602271, 0.3852907398259686, 0.32735561415607684, 0.2881423368340038, 0.13423685718958236, 0.21010503405511813, 0.5468358461295865, 0.3575030343950215]"
29,0.4709595739659689,"[0.316924545994807, 0.330669531913951, 0.4438940109388929, 0.46046989519552106, 0.3539391812862921, 0.5025792023177333, 0.5592641677816247, 0.359072880019242, 0.3915898131449145, 0.3373559600847119, 0.24394847967830527, 0.11455644930945988, 0.39130800396232257, 0.5162873978662867, 0.49257220620013886, 0.23431274890492745, 0.47302759587261034, 0.3356573196799194, 0.14637822738393305, 0.46318294680614625, 0.15513793299602271, 0.3852907398259686, 0.32735561415607684, 0.2881423368340038, 0.13423685718958236, 0.21010503405511813, 0.5468358461295865, 0.3575030343950215, 0.135882976740798]"
30,0.3963389805897186,"[0.316924545994807, 0.330669531913951, 0.4438940109388929, 0.46046989519552106, 0.3539391812862921, 0.5025792023177333, 0.5592641677816247, 0.359072880019242, 0.3915898131449145, 0.3373559600847119, 0.24394847967830527, 0.11455644930945988, 0.39130800396232257, 0.5162873978662867, 0.49257220620013886, 0.23431274890492745, 0.47302759587261034, 0.3356573196799194, 0.14637822738393305, 0.46318294680614625, 0.15513793299602271, 0.3852907398259686, 0.32735561415607684, 0.2881423368340038, 0.13423685718958236, 0.21010503405511813, 0.5468358461295865, 0.3575030343950215, 0.135882976740798, 0.33706066056568396]"
31,0.3808997336239337,"[0.316924545994807, 0.330669531913951, 0.4438940109388929, 0.46046989519552106, 0.3539391812862921, 0.5025792023177333, 0.5592641677816247, 0.359072880019242, 0.3915898131449145, 0.3373559600847119, 0.24394847967830527, 0.11455644930945988, 0.39130800396232257, 0.5162873978662867, 0.49257220620013886, 0.23431274890492745, 0.47302759587261034, 0.3356573196799194, 0.14637822738393305, 0.46318294680614625, 0.15513793299602271, 0.3852907398259686, 0.32735561415607684, 0.2881423368340038, 0.13423685718958236, 0.21010503405511813, 0.5468358461295865, 0.3575030343950215, 0.135882976740798, 0.33706066056568396, 0.4248201685326133]"
32,0.22705185101433678,"[0.316924545994807, 0.330669531913951, 0.4438940109388929, 0.46046989519552106, 0.3539391812862921, 0.5025792023177333, 0.5592641677816247, 0.359072880019242, 0.3915898131449145, 0.3373559600847119, 0.24394847967830527, 0.11455644930945988, 0.39130800396232257, 0.5162873978662867, 0.49257220620013886, 0.23431274890492745, 0.47302759587261034, 0.3356573196799194, 0.14637822738393305, 0.46318294680614625, 0.15513793299602271, 0.3852907398259686, 0.32735561415607684, 0.2881423368340038, 0.13423685718958236, 0.21010503405511813, 0.5468358461295865, 0.3575030343950215, 0.135882976740798, 0.33706066056568396, 0.4248201685326133, 0.3517090255992178]"
33,0.28157582546055376,"[0.316924545994807, 0.330669531913951, 0.4438940109388929, 0.46046989519552106, 0.3539391812862921, 0.5025792023177333, 0.5592641677816247, 0.359072880019242, 0.3915898131449145, 0.3373559600847119, 0.24394847967830527, 0.11455644930945988, 0.39130800396232257, 0.5162873978662867, 0.49257220620013886, 0.23431274890492745, 0.47302759587261034, 0.3356573196799194, 0.14637822738393305, 0.46318294680614625, 0.15513793299602271, 0.3852907398259686, 0.32735561415607684, 0.2881423368340038, 0.13423685718958236, 0.21010503405511813, 0.5468358461295865, 0.3575030343950215, 0.135882976740798, 0.33706066056568396, 0.4248201685326133, 0.3517090255992178, 0.27417619031074014]"
34,0.5742949824946273,"[0.316924545994807, 0.330669531913951, 0.4438940109388929, 0.46046989519552106, 0.3539391812862921, 0.5025792023177333, 0.5592641677816247, 0.359072880019242, 0.3915898131449145, 0.3373559600847119, 0.24394847967830527, 0.11455644930945988, 0.39130800396232257, 0.5162873978662867, 0.49257220620013886, 0.23431274890492745, 0.47302759587261034, 0.3356573196799194, 0.14637822738393305, 0.46318294680614625, 0.15513793299602271, 0.3852907398259686, 0.32735561415607684, 0.2881423368340038, 0.13423685718958236, 0.21010503405511813, 0.5468358461295865, 0.3575030343950215, 0.135882976740798, 0.33706066056568396, 0.4248201685326133, 0.3517090255992178, 0.27417619031074014, 0.5262072007886139]"
35,0.14972531333671824,"[0.316924545994807, 0.330669531913951, 0.4438940109388929, 0.46046989519552106, 0.3539391812862921, 0.5025792023177333, 0.5592641677816247, 0.359072880019242, 0.3915898131449145, 0.3373559600847119, 0.24394847967830527, 0.11455644930945988, 0.39130800396232257, 0.5162873978662867, 0.49257220620013886, 0.23431274890492745, 0.47302759587261034, 0.3356573196799194, 0.14637822738393305, 0.46318294680614625, 0.15513793299602271, 0.3852907398259686, 0.32735561415607684, 0.2881423368340038, 0.13423685718958236, 0.21010503405511813, 0.5468358461295865, 0.3575030343950215, 0.135882976740798, 0.33706066056568396, 0.4248201685326133, 0.3517090255992178, 0.27417619031074014, 0.5262072007886139, 0.4434240953656692]"
36,0.4112344057854516,"[0.316924545994807, 0.330669531913951, 0.4438940109388929, 0.46046989519552106, 0.3539391812862921, 0.5025792023177333, 0.5592641677816247, 0.359072880019242, 0.3915898131449145, 0.3373559600847119, 0.24394847967830527, 0.11455644930945988, 0.39130800396232257, 0.5162873978662867, 0.49257220620013886, 0.23431274890492745, 0.47302759587261034, 0.3356573196799194, 0.14637822738393305, 0.46318294680614625, 0.15513793299602271, 0.3852907398259686, 0.32735561415607684, 0.2881423368340038, 0.13423685718958236, 0.21010503405511813, 0.5468358461295865, 0.3575030343950215, 0.135882976740798, 0.33706066056568396, 0.4248201685326133, 0.3517090255992178, 0.27417619031074014, 0.5262072007886139, 0.4434240953656692, 0.529121532346793]"
37,0.14300566233858447,"[0.316924545994807, 0.330669531913951, 0.4438940109388929, 0.46046989519552106, 0.3539391812862921, 0.5025792023177333, 0.5592641677816247, 0.359072880019242, 0.3915898131449145, 0.3373559600847119, 0.24394847967830527, 0.11455644930945988, 0.39130800396232257, 0.5162873978662867, 0.49257220620013886, 0.23431274890492745, 0.47302759587261034, 0.3356573196799194, 0.14637822738393305, 0.46318294680614625, 0.15513793299602271, 0.3852907398259686, 0.32735561415607684, 0.2881423368340038, 0.13423685718958236, 0.21010503405511813, 0.5468358461295865, 0.3575030343950215, 0.135882976740798, 0.33706066056568396, 0.4248201685326133, 0.3517090255992178, 0.27417619031074014, 0.5262072007886139, 0.4434240953656692, 0.529121532346793, 0.40951890927196]"
38,0.5267928341825199,"[0.316924545994807, 0.330669531913951, 0.4438940109388929, 0.46046989519552106, 0.3539391812862921, 0.5025792023177333, 0.5592641677816247, 0.359072880019242, 0.3915898131449145, 0.3373559600847119, 0.24394847967830527, 0.11455644930945988, 0.39130800396232257, 0.5162873978662867, 0.49257220620013886, 0.23431274890492745, 0.47302759587261034, 0.3356573196799194, 0.14637822738393305, 0.46318294680614625, 0.15513793299602271, 0.3852907398259686, 0.32735561415607684, 0.2881423368340038, 0.13423685718958236, 0.21010503405511813, 0.5468358461295865, 0.3575030343950215, 0.135882976740798, 0.33706066056568396, 0.4248201685326133, 0.3517090255992178, 0.27417619031074014, 0.5262072007886139, 0.4434240953656692, 0.529121532346793, 0.40951890927196, 0.499048247677105]"
39,0.39249216169581763,"[0.316924545994807, 0.330669531913951, 0.4438940109388929, 0.46046989519552106, 0.3539391812862921, 0.5025792023177333, 0.5592641677816247, 0.359072880019242, 0.3915898131449145, 0.3373559600847119, 0.24394847967830527, 0.11455644930945988, 0.39130800396232257, 0.5162873978662867, 0.49257220620013886, 0.23431274890492745, 0.47302759587261034, 0.3356573196799194, 0.14637822738393305, 0.46318294680614625, 0.15513793299602271, 0.3852907398259686, 0.32735561415607684, 0.2881423368340038, 0.13423685718958236, 0.21010503405511813, 0.5468358461295865, 0.3575030343950215, 0.135882976740798, 0.33706066056568396, 0.4248201685326133, 0.3517090255992178, 0.27417619031074014, 0.5262072007886139, 0.4434240953656692, 0.529121532346793, 0.40951890927196, 0.499048247677105, 0.4963355653681659]"
40,0.37796379581900674,"[0.316924545994807, 0.330669531913951, 0.4438940109388929, 0.46046989519552106, 0.3539391812862921, 0.5025792023177333, 0.5592641677816247, 0.359072880019242, 0.3915898131449145, 0.3373559600847119, 0.24394847967830527, 0.11455644930945988, 0.39130800396232257, 0.5162873978662867, 0.49257220620013886, 0.23431274890492745, 0.47302759587261034, 0.3356573196799194, 0.14637822738393305, 0.46318294680614625, 0.15513793299602271, 0.3852907398259686, 0.32735561415607684, 0.2881423368340038, 0.13423685718958236, 0.21010503405511813, 0.5468358461295865, 0.3575030343950215, 0.135882976740798, 0.33706066056568396, 0.4248201685326133, 0.3517090255992178, 0.27417619031074014, 0.5262072007886139, 0.4434240953656692, 0.529121532346793, 0.40951890927196, 0.499048247677105, 0.4963355653681659, 0.5656680432886279]"
41,0.2295881449285318,"[0.316924545994807, 0.330669531913951, 0.4438940109388929, 0.46046989519552106, 0.3539391812862921, 0.5025792023177333, 0.5592641677816247, 0.359072880019242, 0.3915898131449145, 0.3373559600847119, 0.24394847967830527, 0.11455644930945988, 0.39130800396232257, 0.5162873978662867, 0.49257220620013886, 0.23431274890492745, 0.47302759587261034, 0.3356573196799194, 0.14637822738393305, 0.46318294680614625, 0.15513793299602271, 0.3852907398259686, 0.32735561415607684, 0.2881423368340038, 0.13423685718958236, 0.21010503405511813, 0.5468358461295865, 0.3575030343950215, 0.135882976740798, 0.33706066056568396, 0.4248201685326133, 0.3517090255992178, 0.27417619031074014, 0.5262072007886139, 0.4434240953656692, 0.529121532346793, 0.40951890927196, 0.499048247677105, 0.4963355653681659, 0.5656680432886279, 0.5681114225139227]"
42,0.16653833416772007,"[0.316924545994807, 0.330669531913951, 0.4438940109388929, 0.46046989519552106, 0.3539391812862921, 0.5025792023177333, 0.5592641677816247, 0.359072880019242, 0.3915898131449145, 0.3373559600847119, 0.24394847967830527, 0.11455644930945988, 0.39130800396232257, 0.5162873978662867, 0.49257220620013886, 0.23431274890492745, 0.47302759587261034, 0.3356573196799194, 0.14637822738393305, 0.46318294680614625, 0.15513793299602271, 0.3852907398259686, 0.32735561415607684, 0.2881423368340038, 0.13423685718958236, 0.21010503405511813, 0.5468358461295865, 0.3575030343950215, 0.135882976740798, 0.33706066056568396, 0.4248201685326133, 0.3517090255992178, 0.27417619031074014, 0.5262072007886139, 0.4434240953656692, 0.529121532346793, 0.40951890927196, 0.499048247677105, 0.4963355653681659, 0.5656680432886279, 0.5681114225139227, 0.11389793447743876]"
43,0.5589619091057662,"[0.316924545994807, 0.330669531913951, 0.4438940109388929, 0.46046989519552106, 0.3539391812862921, 0.5025792023177333, 0.5592641677816247, 0.359072880019242, 0.3915898131449145, 0.3373559600847119, 0.24394847967830527, 0.11455644930945988, 0.39130800396232257, 0.5162873978662867, 0.49257220620013886, 0.23431274890492745, 0.47302759587261034, 0.3356573196799194, 0.14637822738393305, 0.46318294680614625, 0.15513793299602271, 0.3852907398259686, 0.32735561415607684, 0.2881423368340038, 0.13423685718958236, 0.21010503405511813, 0.5468358461295865, 0.3575030343950215, 0.135882976740798, 0.33706066056568396, 0.4248201685326133, 0.3517090255992178, 0.27417619031074014, 0.5262072007886139, 0.4434240953656692, 0.529121532346793, 0.40951890927196, 0.499048247677105, 0.4963355653681659, 0.5656680432886279, 0.5681114225139227, 0.11389793447743876, 0.3136928801314658]"
44,0.5221867061019636,"[0.316924545994807, 0.330669531913951, 0.4438940109388929, 0.46046989519552106, 0.3539391812862921, 0.5025792023177333, 0.5592641677816247, 0.359072880019242, 0.3915898131449145, 0.3373559600847119, 0.24394847967830527, 0.11455644930945988, 0.39130800396232257, 0.5162873978662867, 0.49257220620013886, 0.23431274890492745, 0.47302759587261034, 0.3356573196799194, 0.14637822738393305, 0.46318294680614625, 0.15513793299602271, 0.3852907398259686, 0.32735561415607684, 0.2881423368340038, 0.13423685718958236, 0.21010503405511813, 0.5468358461295865, 0.3575030343950215, 0.135882976740798, 0.33706066056568396, 0.4248201685326133, 0.3517090255992178, 0.27417619031074014, 0.5262072007886139, 0.4434240953656692, 0.529121532346793, 0.40951890927196, 0.499048247677105, 0.4963355653681659, 0.5656680432886279, 0.5681114225139227, 0.11389793447743876, 0.3136928801314658, 0.2441862112218208]"
45,0.18374639550544664,"[0.316924545994807, 0.330669531913951, 0.4438940109388929, 0.46046989519552106, 0.3539391812862921, 0.5025792023177333, 0.5592641677816247, 0.359072880019242, 0.3915898131449145, 0.3373559600847119, 0.24394847967830527, 0.11455644930945988, 0.39130800396232257, 0.5162873978662867, 0.49257220620013886, 0.23431274890492745, 0.47302759587261034, 0.3356573196799194, 0.14637822738393305, 0.46318294680614625, 0.15513793299602271, 0.3852907398259686, 0.32735561415607684, 0.2881423368340038, 0.13423685718958236, 0.21010503405511813, 0.5468358461295865, 0.3575030343950215, 0.135882976740798, 0.33706066056568396, 0.4248201685326133, 0.3517090255992178, 0.27417619031074014, 0.5262072007886139, 0.4434240953656692, 0.529121532346793, 0.40951890927196, 0.499048247677105, 0.4963355653681659, 0.5656680432886279, 0.5681114225139227, 0.11389793447743876, 0.3136928801314658, 0.2441862112218208, 0.1156522641068197]"
46,0.22779260928614647,"[0.316924545994807, 0.330669531913951, 0.4438940109388929, 0.46046989519552106, 0.3539391812862921, 0.5025792023177333, 0.5592641677816247, 0.359072880019242, 0.3915898131449145, 0.3373559600847119, 0.24394847967830527, 0.11455644930945988, 0.39130800396232257, 0.5162873978662867, 0.49257220620013886, 0.23431274890492745, 0.47302759587261034, 0.3356573196799194, 0.14637822738393305, 0.46318294680614625, 0.15513793299602271, 0.3852907398259686, 0.32735561415607684, 0.2881423368340038, 0.13423685718958236, 0.21010503405511813, 0.5468358461295865, 0.3575030343950215, 0.135882976740798, 0.33706066056568396, 0.4248201685326133, 0.3517090255992178, 0.27417619031074014, 0.5262072007886139, 0.4434240953656692, 0.529121532346793, 0.40951890927196, 0.499048247677105, 0.4963355653681659, 0.5656680432886279, 0.5681114225139227, 0.11389793447743876, 0.3136928801314658, 0.2441862112218208, 0.1156522641068197, 0.5712815848107657]"
47,0.08886370031496207,"[0.316924545994807, 0.330669531913951, 0.4438940109388929, 0.46046989519552106, 0.3539391812862921, 0.5025792023177333, 0.5592641677816247, 0.359072880019242, 0.3915898131449145, 0.3373559600847119, 0.24394847967830527, 0.11455644930945988, 0.39130800396232257, 0.5162873978662867, 0.49257220620013886, 0.23431274890492745, 0.47302759587261034, 0.3356573196799194, 0.14637822738393305, 0.46318294680614625, 0.15513793299602271, 0.3852907398259686, 0.32735561415607684, 0.2881423368340038, 0.13423685718958236, 0.21010503405511813, 0.5468358461295865, 0.3575030343950215, 0.135882976740798, 0.33706066056568396, 0.4248201685326133, 0.3517090255992178, 0.27417619031074014, 0.5262072007886139, 0.4434240953656692, 0.529121532346793, 0.40951890927196, 0.499048247677105, 0.4963355653681659, 0.5656680432886279, 0.5681114225139227, 0.11389793447743876, 0.3136928801314658, 0.2441862112218208, 0.1156522641068197, 0.5712815848107657, 0.1242312077318207]"
48,0.5721950260672334,"[0.316924545994807, 0.330669531913951, 0.4438940109388929, 0.46046989519552106, 0.3539391812862921, 0.5025792023177333, 0.5592641677816247, 0.359072880019242, 0.3915898131449145, 0.3373559600847119, 0.24394847967830527, 0.11455644930945988, 0.39130800396232257, 0.5162873978662867, 0.49257220620013886, 0.23431274890492745, 0.47302759587261034, 0.3356573196799194, 0.14637822738393305, 0.46318294680614625, 0.15513793299602271, 0.3852907398259686, 0.32735561415607684, 0.2881423368340038, 0.13423685718958236, 0.21010503405511813, 0.5468358461295865, 0.3575030343950215, 0.135882976740798, 0.33706066056568396, 0.4248201685326133, 0.3517090255992178, 0.27417619031074014, 0.5262072007886139, 0.4434240953656692, 0.529121532346793, 0.40951890927196, 0.499048247677105, 0.4963355653681659, 0.5656680432886279, 0.5681114225139227, 0.11389793447743876, 0.3136928801314658, 0.2441862112218208, 0.1156522641068197, 0.5712815848107657, 0.1242312077318207, 0.2198890307624268]"
49,0.570117796393017,"[0.316924545994807, 0.330669531913951, 0.4438940109388929, 0.46046989519552106, 0.3539391812862921, 0.5025792023177333, 0.5592641677816247, 0.359072880019242, 0.3915898131449145, 0.3373559600847119, 0.24394847967830527, 0.11455644930945988, 0.39130800396232257, 0.5162873978662867, 0.49257220620013886, 0.23431274890492745, 0.47302759587261034, 0.3356573196799194, 0.14637822738393305, 0.46318294680614625, 0.15513793299602271, 0.3852907398259686, 0.32735561415607684, 0.2881423368340038, 0.13423685718958236, 0.21010503405511813, 0.5468358461295865, 0.3575030343950215, 0.135882976740798, 0.33706066056568396, 0.4248201685326133, 0.3517090255992178, 0.27417619031074014, 0.5262072007886139, 0.4434240953656692, 0.529121532346793, 0.40951890927196, 0.499048247677105, 0.4963355653681659, 0.5656680432886279, 0.5681114225139227, 0.11389793447743876, 0.3136928801314658, 0.2441862112218208, 0.1156522641068197, 0.5712815848107657, 0.1242312077318207, 0.2198890307624268, 0.5688440001153056]"
50,0.5690793562904587,"[0.316924545994807, 0.330669531913951, 0.4438940109388929, 0.46046989519552106, 0.3539391812862921, 0.5025792023177333, 0.5592641677816247, 0.359072880019242, 0.3915898131449145, 0.3373559600847119, 0.24394847967830527, 0.11455644930945988, 0.39130800396232257, 0.5162873978662867, 0.49257220620013886, 0.23431274890492745, 0.47302759587261034, 0.3356573196799194, 0.14637822738393305, 0.46318294680614625, 0.15513793299602271, 0.3852907398259686, 0.32735561415607684, 0.2881423368340038, 0.13423685718958236, 0.21010503405511813, 0.5468358461295865, 0.3575030343950215, 0.135882976740798, 0.33706066056568396, 0.4248201685326133, 0.3517090255992178, 0.27417619031074014, 0.5262072007886139, 0.4434240953656692, 0.529121532346793, 0.40951890927196, 0.499048247677105, 0.4963355653681659, 0.5656680432886279, 0.5681114225139227, 0.11389793447743876, 0.3136928801314658, 0.2441862112218208, 0.1156522641068197, 0.5712815848107657, 0.1242312077318207, 0.2198890307624268, 0.5688440001153056, 0.29467444443566515]"
