index,phi1,phi2,V
0.000000000000000000e+00,1.037502269309843239e+00,1.155766532493252452e+00,-1.438238190081442547e-01
1.000000000000000000e+00,1.037502276683948566e+00,1.155766455298800066e+00,-1.438238189220377716e-01
2.000000000000000000e+00,1.037502298808235413e+00,1.155766223693908579e+00,-1.438238186636583149e-01
3.000000000000000000e+00,1.037502335688618826e+00,1.155765837613968339e+00,-1.438238182328258619e-01
4.000000000000000000e+00,1.037502387334958698e+00,1.155765296951270171e+00,-1.438238176292401527e-01
5.000000000000000000e+00,1.037502453761062648e+00,1.155764601554970072e+00,-1.438238168524803018e-01
6.000000000000000000e+00,1.037502534984690472e+00,1.155763751231033254e+00,-1.438238159020046592e-01
7.000000000000000000e+00,1.037502631027559463e+00,1.155762745742170639e+00,-1.438238147771500053e-01
8.000000000000000000e+00,1.037502741915352633e+00,1.155761584807752707e+00,-1.438238134771310794e-01
9.000000000000000000e+00,1.037502867677722929e+00,1.155760268103713795e+00,-1.438238120010396637e-01
1.000000000000000000e+01,1.037503008348305000e+00,1.155758795262435967e+00,-1.438238103478438612e-01
1.100000000000000000e+01,1.037503163964725417e+00,1.155757165872624670e+00,-1.438238085163869584e-01
1.200000000000000000e+01,1.037503334568611546e+00,1.155755379479161515e+00,-1.438238065053863701e-01
1.300000000000000000e+01,1.037503520205606433e+00,1.155753435582946853e+00,-1.438238043134323074e-01
1.400000000000000000e+01,1.037503720925383011e+00,1.155751333640726797e+00,-1.438238019389865840e-01
1.500000000000000000e+01,1.037503936781656977e+00,1.155749073064900934e+00,-1.438237993803808124e-01
1.600000000000000000e+01,1.037504167832203450e+00,1.155746653223318265e+00,-1.438237966358149877e-01
1.700000000000000000e+01,1.037504414138876507e+00,1.155744073439056052e+00,-1.438237937033557401e-01
1.800000000000000000e+01,1.037504675767624729e+00,1.155741332990183334e+00,-1.438237905809342243e-01
1.900000000000000000e+01,1.037504952788513846e+00,1.155738431109509579e+00,-1.438237872663443717e-01
2.000000000000000000e+01,1.037505245275745391e+00,1.155735366984313561e+00,-1.438237837572404199e-01
2.100000000000000000e+01,1.037505553307681794e+00,1.155732139756061594e+00,-1.438237800511348863e-01
2.200000000000000000e+01,1.037505876966866802e+00,1.155728748520106208e+00,-1.438237761453958763e-01
2.300000000000000000e+01,1.037506216340052134e+00,1.155725192325369521e+00,-1.438237720372446404e-01
2.400000000000000000e+01,1.037506571518224119e+00,1.155721470174010612e+00,-1.438237677237527989e-01
2.500000000000000000e+01,1.037506942596629012e+00,1.155717581021075802e+00,-1.438237632018393442e-01
2.600000000000000000e+01,1.037507329674803414e+00,1.155713523774132279e+00,-1.438237584682676984e-01
2.700000000000000000e+01,1.037507732856602471e+00,1.155709297292885518e+00,-1.438237535196425221e-01
2.800000000000000000e+01,1.037508152250232296e+00,1.155704900388780487e+00,-1.438237483524061611e-01
2.900000000000000000e+01,1.037508587968281049e+00,1.155700331824582872e+00,-1.438237429628353159e-01
3.000000000000000000e+01,1.037509040127753801e+00,1.155695590313946752e+00,-1.438237373470372116e-01
3.100000000000000000e+01,1.037509508850106066e+00,1.155690674520961858e+00,-1.438237315009456840e-01
3.200000000000000000e+01,1.037509994261282209e+00,1.155685583059686827e+00,-1.438237254203172388e-01
3.300000000000000000e+01,1.037510496491748757e+00,1.155680314493658489e+00,-1.438237191007266935e-01
3.400000000000000000e+01,1.037511015676539250e+00,1.155674867335391820e+00,-1.438237125375626813e-01
3.500000000000000000e+01,1.037511551955287104e+00,1.155669240045852586e+00,-1.438237057260232377e-01
3.600000000000000000e+01,1.037512105472273571e+00,1.155663431033919997e+00,-1.438236986611106938e-01
3.700000000000000000e+01,1.037512676376466381e+00,1.155657438655823821e+00,-1.438236913376267911e-01
3.800000000000000000e+01,1.037513264821565029e+00,1.155651261214567294e+00,-1.438236837501674081e-01
3.900000000000000000e+01,1.037513870966045415e+00,1.155644896959329371e+00,-1.438236758931170645e-01
4.000000000000000000e+01,1.037514494973208024e+00,1.155638344084847668e+00,-1.438236677606432312e-01
4.100000000000000000e+01,1.037515137011225219e+00,1.155631600730782527e+00,-1.438236593466902802e-01
4.200000000000000000e+01,1.037515797253189209e+00,1.155624664981059091e+00,-1.438236506449735996e-01
4.300000000000000000e+01,1.037516475877164668e+00,1.155617534863192741e+00,-1.438236416489728220e-01
4.400000000000000000e+01,1.037517173066240472e+00,1.155610208347593426e+00,-1.438236323519254400e-01
4.500000000000000000e+01,1.037517889008581884e+00,1.155602683346846904e+00,-1.438236227468196737e-01
4.600000000000000000e+01,1.037518623897486947e+00,1.155594957714976667e+00,-1.438236128263873925e-01
4.700000000000000000e+01,1.037519377931441777e+00,1.155587029246686992e+00,-1.438236025830965381e-01
4.800000000000000000e+01,1.037520151314178296e+00,1.155578895676580675e+00,-1.438235920091433806e-01
4.900000000000000000e+01,1.037520944254733068e+00,1.155570554678358342e+00,-1.438235810964444972e-01
5.000000000000000000e+01,1.037521756967508146e+00,1.155562003863992659e+00,-1.438235698366283621e-01
5.100000000000000000e+01,1.037522589672333018e+00,1.155553240782883240e+00,-1.438235582210265207e-01
5.200000000000000000e+01,1.037523442594526779e+00,1.155544262920986665e+00,-1.438235462406647347e-01
5.300000000000000000e+01,1.037524315964962973e+00,1.155535067699923424e+00,-1.438235338862536017e-01
5.400000000000000000e+01,1.037525210020136868e+00,1.155525652476063980e+00,-1.438235211481786735e-01
5.500000000000000000e+01,1.037526125002232069e+00,1.155516014539587744e+00,-1.438235080164905477e-01
5.600000000000000000e+01,1.037527061159188246e+00,1.155506151113519175e+00,-1.438234944808942650e-01
5.700000000000000000e+01,1.037528018744773517e+00,1.155496059352741023e+00,-1.438234805307386788e-01
5.800000000000000000e+01,1.037528998018654836e+00,1.155485736342979353e+00,-1.438234661550048810e-01
5.900000000000000000e+01,1.037529999246471046e+00,1.155475179099766159e+00,-1.438234513422948224e-01
6.000000000000000000e+01,1.037531022699910155e+00,1.155464384567376435e+00,-1.438234360808191004e-01
6.100000000000000000e+01,1.037532068656780826e+00,1.155453349617732828e+00,-1.438234203583843851e-01
6.200000000000000000e+01,1.037533137401093208e+00,1.155442071049295416e+00,-1.438234041623805137e-01
6.300000000000000000e+01,1.037534229223137539e+00,1.155430545585911517e+00,-1.438233874797668899e-01
6.400000000000000000e+01,1.037535344419564076e+00,1.155418769875649065e+00,-1.438233702970585781e-01
6.500000000000000000e+01,1.037536483293465039e+00,1.155406740489593354e+00,-1.438233526003118712e-01
6.600000000000000000e+01,1.037537646154457427e+00,1.155394453920620457e+00,-1.438233343751091631e-01
6.700000000000000000e+01,1.037538833318769171e+00,1.155381906582140683e+00,-1.438233156065434892e-01
6.800000000000000000e+01,1.037540045109323739e+00,1.155369094806812047e+00,-1.438232962792023173e-01
6.900000000000000000e+01,1.037541281855829389e+00,1.155356014845223100e+00,-1.438232763771507827e-01
7.000000000000000000e+01,1.037542543894866887e+00,1.155342662864546899e+00,-1.438232558839146469e-01
7.100000000000000000e+01,1.037543831569980757e+00,1.155329034947162992e+00,-1.438232347824618673e-01
7.200000000000000000e+01,1.037545145231771881e+00,1.155315127089248328e+00,-1.438232130551845012e-01
7.300000000000000000e+01,1.037546485237988980e+00,1.155300935199334189e+00,-1.438231906838789431e-01
7.400000000000000000e+01,1.037547851953625644e+00,1.155286455096833587e+00,-1.438231676497263578e-01
7.500000000000000000e+01,1.037549245751015370e+00,1.155271682510533804e+00,-1.438231439332715855e-01
7.600000000000000000e+01,1.037550667009929262e+00,1.155256613077053407e+00,-1.438231195144019925e-01
7.700000000000000000e+01,1.037552116117675061e+00,1.155241242339267060e+00,-1.438230943723249888e-01
7.800000000000000000e+01,1.037553593469197732e+00,1.155225565744694149e+00,-1.438230684855451580e-01
7.900000000000000000e+01,1.037555099467180941e+00,1.155209578643852542e+00,-1.438230418318401094e-01
8.000000000000000000e+01,1.037556634522149857e+00,1.155193276288573045e+00,-1.438230143882359702e-01
8.100000000000000000e+01,1.037558199052576624e+00,1.155176653830281230e+00,-1.438229861309817115e-01
8.200000000000000000e+01,1.037559793484984727e+00,1.155159706318237278e+00,-1.438229570355222531e-01
8.300000000000000000e+01,1.037561418254056456e+00,1.155142428697740309e+00,-1.438229270764712353e-01
8.400000000000000000e+01,1.037563073802741043e+00,1.155124815808289851e+00,-1.438228962275823197e-01
8.500000000000000000e+01,1.037564760582363688e+00,1.155106862381710675e+00,-1.438228644617194907e-01
8.600000000000000000e+01,1.037566479052737245e+00,1.155088563040237215e+00,-1.438228317508265519e-01
8.700000000000000000e+01,1.037568229682272580e+00,1.155069912294552692e+00,-1.438227980658951799e-01
8.800000000000000000e+01,1.037570012948092257e+00,1.155050904541787382e+00,-1.438227633769320335e-01
8.900000000000000000e+01,1.037571829336144447e+00,1.155031534063478027e+00,-1.438227276529245313e-01
9.000000000000000000e+01,1.037573679341316613e+00,1.155011795023475063e+00,-1.438226908618055189e-01
9.100000000000000000e+01,1.037575563467554307e+00,1.154991681465813436e+00,-1.438226529704165202e-01
9.200000000000000000e+01,1.037577482227974635e+00,1.154971187312531233e+00,-1.438226139444696849e-01
9.300000000000000000e+01,1.037579436144986378e+00,1.154950306361446133e+00,-1.438225737485084588e-01
9.400000000000000000e+01,1.037581425750408126e+00,1.154929032283881440e+00,-1.438225323458665050e-01
9.500000000000000000e+01,1.037583451585587513e+00,1.154907358622344837e+00,-1.438224896986256274e-01
9.600000000000000000e+01,1.037585514201520898e+00,1.154885278788158720e+00,-1.438224457675715828e-01
9.700000000000000000e+01,1.037587614158975935e+00,1.154862786059038582e+00,-1.438224005121487292e-01
9.800000000000000000e+01,1.037589752028609480e+00,1.154839873576620324e+00,-1.438223538904127852e-01
9.900000000000000000e+01,1.037591928391093710e+00,1.154816534343936940e+00,-1.438223058589819248e-01
1.000000000000000000e+02,1.037594143837235805e+00,1.154792761222839914e+00,-1.438222563729860126e-01
1.010000000000000000e+02,1.037596398968100742e+00,1.154768546931367545e+00,-1.438222053860141458e-01
1.020000000000000000e+02,1.037598694395134524e+00,1.154743884041055102e+00,-1.438221528500601143e-01
1.030000000000000000e+02,1.037601030740287866e+00,1.154718764974193457e+00,-1.438220987154657515e-01
1.040000000000000000e+02,1.037603408636137869e+00,1.154693182001025997e+00,-1.438220429308625925e-01
1.050000000000000000e+02,1.037605828726012369e+00,1.154667127236885582e+00,-1.438219854431109224e-01
1.060000000000000000e+02,1.037608291664112281e+00,1.154640592639277763e+00,-1.438219261972370211e-01
1.070000000000000000e+02,1.037610798115631949e+00,1.154613570004893841e+00,-1.438218651363676048e-01
1.080000000000000000e+02,1.037613348756885712e+00,1.154586050966571964e+00,-1.438218022016624353e-01
1.090000000000000000e+02,1.037615944275425583e+00,1.154558026990183839e+00,-1.438217373322439041e-01
1.100000000000000000e+02,1.037618585370162272e+00,1.154529489371464379e+00,-1.438216704651242850e-01
1.110000000000000000e+02,1.037621272751485968e+00,1.154500429232770298e+00,-1.438216015351304056e-01
1.120000000000000000e+02,1.037624007141385807e+00,1.154470837519776527e+00,-1.438215304748250989e-01
1.130000000000000000e+02,1.037626789273564887e+00,1.154440704998095812e+00,-1.438214572144264070e-01
1.140000000000000000e+02,1.037629619893558841e+00,1.154410022249835910e+00,-1.438213816817230928e-01
1.150000000000000000e+02,1.037632499758847526e+00,1.154378779670078181e+00,-1.438213038019875989e-01
1.160000000000000000e+02,1.037635429638971152e+00,1.154346967463290685e+00,-1.438212234978854531e-01
1.170000000000000000e+02,1.037638410315637305e+00,1.154314575639657114e+00,-1.438211406893812883e-01
1.180000000000000000e+02,1.037641442582829754e+00,1.154281594011337786e+00,-1.438210552936417252e-01
1.190000000000000000e+02,1.037644527246917248e+00,1.154248012188648476e+00,-1.438209672249341486e-01
1.200000000000000000e+02,1.037647665126751884e+00,1.154213819576160427e+00,-1.438208763945222901e-01
1.210000000000000000e+02,1.037650857053771247e+00,1.154179005368721533e+00,-1.438207827105572600e-01
1.220000000000000000e+02,1.037654103872095446e+00,1.154143558547390924e+00,-1.438206860779651930e-01
1.230000000000000000e+02,1.037657406438617702e+00,1.154107467875294279e+00,-1.438205863983302302e-01
1.240000000000000000e+02,1.037660765623094949e+00,1.154070721893387663e+00,-1.438204835697733386e-01
1.250000000000000000e+02,1.037664182308230654e+00,1.154033308916138090e+00,-1.438203774868267448e-01
1.260000000000000000e+02,1.037667657389756304e+00,1.153995217027111941e+00,-1.438202680403032341e-01
1.270000000000000000e+02,1.037671191776504021e+00,1.153956434074473680e+00,-1.438201551171610360e-01
1.280000000000000000e+02,1.037674786390477166e+00,1.153916947666388193e+00,-1.438200386003636311e-01
1.290000000000000000e+02,1.037678442166912518e+00,1.153876745166331652e+00,-1.438199183687338678e-01
1.300000000000000000e+02,1.037682160054338443e+00,1.153835813688304235e+00,-1.438197942968030829e-01
1.310000000000000000e+02,1.037685941014623969e+00,1.153794140091939591e+00,-1.438196662546543658e-01
1.320000000000000000e+02,1.037689786023021199e+00,1.153751710977519718e+00,-1.438195341077601885e-01
1.330000000000000000e+02,1.037693696068201943e+00,1.153708512680881482e+00,-1.438193977168134019e-01
1.340000000000000000e+02,1.037697672152283257e+00,1.153664531268220328e+00,-1.438192569375526531e-01
1.350000000000000000e+02,1.037701715290845206e+00,1.153619752530783638e+00,-1.438191116205805031e-01
1.360000000000000000e+02,1.037705826512939744e+00,1.153574161979457946e+00,-1.438189616111752445e-01
1.370000000000000000e+02,1.037710006861087386e+00,1.153527744839240032e+00,-1.438188067490954736e-01
1.380000000000000000e+02,1.037714257391266992e+00,1.153480486043598097e+00,-1.438186468683772257e-01
1.390000000000000000e+02,1.037718579172889122e+00,1.153432370228710369e+00,-1.438184817971235319e-01
1.400000000000000000e+02,1.037722973288760953e+00,1.153383381727589363e+00,-1.438183113572862326e-01
1.410000000000000000e+02,1.037727440835036985e+00,1.153333504564082901e+00,-1.438181353644391314e-01
1.420000000000000000e+02,1.037731982921153984e+00,1.153282722446749231e+00,-1.438179536275432102e-01
1.430000000000000000e+02,1.037736600669755482e+00,1.153231018762607141e+00,-1.438177659487023252e-01
1.440000000000000000e+02,1.037741295216596527e+00,1.153178376570755725e+00,-1.438175721229102699e-01
1.450000000000000000e+02,1.037746067710434872e+00,1.153124778595862487e+00,-1.438173719377879023e-01
1.460000000000000000e+02,1.037750919312901754e+00,1.153070207221516208e+00,-1.438171651733103906e-01
1.470000000000000000e+02,1.037755851198357337e+00,1.153014644483440598e+00,-1.438169516015244676e-01
1.480000000000000000e+02,1.037760864553725071e+00,1.152958072062570727e+00,-1.438167309862544152e-01
1.490000000000000000e+02,1.037765960578303392e+00,1.152900471277980898e+00,-1.438165030827974478e-01
1.500000000000000000e+02,1.037771140483559229e+00,1.152841823079671091e+00,-1.438162676376073257e-01
1.510000000000000000e+02,1.037776405492894405e+00,1.152782108041200182e+00,-1.438160243879658129e-01
1.520000000000000000e+02,1.037781756841390735e+00,1.152721306352167296e+00,-1.438157730616421437e-01
1.530000000000000000e+02,1.037787195775526916e+00,1.152659397810536834e+00,-1.438155133765391391e-01
1.540000000000000000e+02,1.037792723552867891e+00,1.152596361814804737e+00,-1.438152450403259452e-01
1.550000000000000000e+02,1.037798341441726446e+00,1.152532177356002219e+00,-1.438149677500571155e-01
1.560000000000000000e+02,1.037804050720794180e+00,1.152466823009532737e+00,-1.438146811917768164e-01
1.570000000000000000e+02,1.037809852678738487e+00,1.152400276926837996e+00,-1.438143850401082391e-01
1.580000000000000000e+02,1.037815748613766242e+00,1.152332516826895192e+00,-1.438140789578273016e-01
1.590000000000000000e+02,1.037821739833153067e+00,1.152263519987532181e+00,-1.438137625954203080e-01
1.600000000000000000e+02,1.037827827652729962e+00,1.152193263236564569e+00,-1.438134355906242889e-01
1.610000000000000000e+02,1.037834013396335742e+00,1.152121722942748949e+00,-1.438130975679504098e-01
1.620000000000000000e+02,1.037840298395223071e+00,1.152048875006547624e+00,-1.438127481381887007e-01
1.630000000000000000e+02,1.037846683987419638e+00,1.151974694850698366e+00,-1.438123868978941899e-01
1.640000000000000000e+02,1.037853171517046924e+00,1.151899157410592789e+00,-1.438120134288535523e-01
1.650000000000000000e+02,1.037859762333582347e+00,1.151822237124448867e+00,-1.438116272975307475e-01
1.660000000000000000e+02,1.037866457791075003e+00,1.151743907923282961e+00,-1.438112280544923405e-01
1.670000000000000000e+02,1.037873259247304336e+00,1.151664143220669789e+00,-1.438108152338100354e-01
1.680000000000000000e+02,1.037880168071654285e+00,1.151582915903854865e+00,-1.438103883524458337e-01
1.690000000000000000e+02,1.037887185668674439e+00,1.151500198327453317e+00,-1.438099469096219551e-01
1.700000000000000000e+02,1.037894313455847817e+00,1.151415962298777407e+00,-1.438094903861426854e-01
1.710000000000000000e+02,1.037901552856255849e+00,1.151330179065603199e+00,-1.438090182436973785e-01
1.720000000000000000e+02,1.037908905297865836e+00,1.151242819304898024e+00,-1.438085299241410320e-01
1.730000000000000000e+02,1.037916372212777771e+00,1.151153853111317904e+00,-1.438080248487468016e-01
1.740000000000000000e+02,1.037923955036424983e+00,1.151063249985465387e+00,-1.438075024174299832e-01
1.750000000000000000e+02,1.037931655206724590e+00,1.150970978821908464e+00,-1.438069620079425182e-01
1.760000000000000000e+02,1.037939474163180886e+00,1.150877007896955462e+00,-1.438064029750364126e-01
1.770000000000000000e+02,1.037947413345933878e+00,1.150781304856172582e+00,-1.438058246495951265e-01
1.780000000000000000e+02,1.037955474194754313e+00,1.150683836701651197e+00,-1.438052263377317397e-01
1.790000000000000000e+02,1.037963658147982970e+00,1.150584569779010913e+00,-1.438046073198523678e-01
1.800000000000000000e+02,1.037971966641408006e+00,1.150483469764136846e+00,-1.438039668496839396e-01
1.810000000000000000e+02,1.037980401107083006e+00,1.150380501649644671e+00,-1.438033041532642275e-01
1.820000000000000000e+02,1.037988962972078433e+00,1.150275629731068561e+00,-1.438026184278935193e-01
1.830000000000000000e+02,1.037997653657168451e+00,1.150168817592766457e+00,-1.438019088410457114e-01
1.840000000000000000e+02,1.038006474575444482e+00,1.150060028093533360e+00,-1.438011745292378796e-01
1.850000000000000000e+02,1.038015427130859480e+00,1.149949223351928840e+00,-1.438004145968561076e-01
1.860000000000000000e+02,1.038024512716692049e+00,1.149836364731292138e+00,-1.437996281149363231e-01
1.870000000000000000e+02,1.038033732713937063e+00,1.149721412824462607e+00,-1.437988141198983383e-01
1.880000000000000000e+02,1.038043088489607468e+00,1.149604327438178863e+00,-1.437979716122310125e-01
1.890000000000000000e+02,1.038052581394766749e+00,1.149485067576995645e+00,-1.437970995551259012e-01
1.900000000000000000e+02,1.038062212748763091e+00,1.149363591414411578e+00,-1.437961968729721263e-01
1.910000000000000000e+02,1.038071983825795908e+00,1.149239856265878323e+00,-1.437952624498032017e-01
1.920000000000000000e+02,1.038081895871660221e+00,1.149113818588975322e+00,-1.437942951278759207e-01
1.930000000000000000e+02,1.038091950103284589e+00,1.148985433967703251e+00,-1.437932937060890093e-01
1.940000000000000000e+02,1.038102147706073675e+00,1.148854657094519505e+00,-1.437922569383275062e-01
1.950000000000000000e+02,1.038112489831109153e+00,1.148721441751990646e+00,-1.437911835317429721e-01
1.960000000000000000e+02,1.038122977592211171e+00,1.148585740794054733e+00,-1.437900721449669739e-01
1.970000000000000000e+02,1.038133612062852373e+00,1.148447506126881512e+00,-1.437889213862551252e-01
1.980000000000000000e+02,1.038144394272914495e+00,1.148306688689325838e+00,-1.437877298115594893e-01
1.990000000000000000e+02,1.038155325205284862e+00,1.148163238432964528e+00,-1.437864959225254868e-01
2.000000000000000000e+02,1.038166405792283475e+00,1.148017104301700009e+00,-1.437852181644115324e-01
2.010000000000000000e+02,1.038177636911913782e+00,1.147868234210932981e+00,-1.437838949239275133e-01
2.020000000000000000e+02,1.038189019383928935e+00,1.147716575026283881e+00,-1.437825245269891139e-01
2.030000000000000000e+02,1.038200553965706652e+00,1.147562072541861600e+00,-1.437811052363849595e-01
2.040000000000000000e+02,1.038212241347923115e+00,1.147404671458059244e+00,-1.437796352493529439e-01
2.050000000000000000e+02,1.038224082151788963e+00,1.147244315367924594e+00,-1.437781126951468702e-01
2.060000000000000000e+02,1.038236076935463936e+00,1.147080946790942635e+00,-1.437765356329736566e-01
2.070000000000000000e+02,1.038248226183385192e+00,1.146914507120366133e+00,-1.437749020490456109e-01
2.080000000000000000e+02,1.038260530296257755e+00,1.146744936574596085e+00,-1.437732098535470515e-01
2.090000000000000000e+02,1.038272989585759420e+00,1.146572174173375647e+00,-1.437714568777224700e-01
2.100000000000000000e+02,1.038285604269023388e+00,1.146396157713617026e+00,-1.437696408708539209e-01
2.110000000000000000e+02,1.038298374462861107e+00,1.146216823744750757e+00,-1.437677594971213668e-01
2.120000000000000000e+02,1.038311300177719776e+00,1.146034107543597358e+00,-1.437658103323426750e-01
2.130000000000000000e+02,1.038324381311364730e+00,1.145847943088749599e+00,-1.437637908605876313e-01
2.140000000000000000e+02,1.038337617642266952e+00,1.145658263034456059e+00,-1.437616984706615308e-01
2.150000000000000000e+02,1.038351008822695043e+00,1.145464998684002644e+00,-1.437595304524538486e-01
2.160000000000000000e+02,1.038364554371489445e+00,1.145268079962578955e+00,-1.437572839931454405e-01
2.170000000000000000e+02,1.038378253666575546e+00,1.145067435371338371e+00,-1.437549561730574188e-01
2.180000000000000000e+02,1.038392105937518295e+00,1.144862991835483790e+00,-1.437525439600751131e-01
2.190000000000000000e+02,1.038406110257063419e+00,1.144654674734363553e+00,-1.437500442059656824e-01
2.200000000000000000e+02,1.038420265532319142e+00,1.144442407927814154e+00,-1.437474536425578098e-01
2.210000000000000000e+02,1.038434570495762044e+00,1.144226113724440941e+00,-1.437447688770994436e-01
2.220000000000000000e+02,1.038449023695842799e+00,1.144005712848896961e+00,-1.437419863874290493e-01
2.230000000000000000e+02,1.038463623487177356e+00,1.143781124408432159e+00,-1.437391025169568459e-01
2.240000000000000000e+02,1.038478368020304243e+00,1.143552265858691408e+00,-1.437361134694487286e-01
2.250000000000000000e+02,1.038493255230989565e+00,1.143319052968744254e+00,-1.437330153036038283e-01
2.260000000000000000e+02,1.038508282829064377e+00,1.143081399785329078e+00,-1.437298039274184369e-01
2.270000000000000000e+02,1.038523448283273032e+00,1.142839218671939827e+00,-1.437264750933753554e-01
2.280000000000000000e+02,1.038538748797311229e+00,1.142592420526561181e+00,-1.437230243960394560e-01
2.290000000000000000e+02,1.038554181306315050e+00,1.142340914545014297e+00,-1.437194472632879749e-01
2.300000000000000000e+02,1.038569742466949997e+00,1.142084608109881882e+00,-1.437157389488613601e-01
2.310000000000000000e+02,1.038585428643373998e+00,1.141823406755377635e+00,-1.437118945256940228e-01
2.320000000000000000e+02,1.038601235892587349e+00,1.141557214131650566e+00,-1.437079088789913472e-01
2.330000000000000000e+02,1.038617159949147384e+00,1.141285931968514689e+00,-1.437037766990437448e-01
2.340000000000000000e+02,1.038633196209220122e+00,1.141009460038607592e+00,-1.436994924737680090e-01
2.350000000000000000e+02,1.038649339716574582e+00,1.140727696073245534e+00,-1.436950504802229633e-01
2.360000000000000000e+02,1.038665609858967054e+00,1.140440096041609674e+00,-1.436904376636938541e-01
2.370000000000000000e+02,1.038681967941223805e+00,1.140147130483034621e+00,-1.436856569802749672e-01
2.380000000000000000e+02,1.038698408005725105e+00,1.139848693233787014e+00,-1.436807021771498716e-01
2.390000000000000000e+02,1.038714923024253611e+00,1.139544688266366679e+00,-1.436755669734840202e-01
2.400000000000000000e+02,1.038731506097942958e+00,1.139235007617448669e+00,-1.436702446876904349e-01
2.410000000000000000e+02,1.038748150485796051e+00,1.138919529710238576e+00,-1.436647281850657598e-01
2.420000000000000000e+02,1.038764848836290389e+00,1.138598132924556916e+00,-1.436590100949129423e-01
2.430000000000000000e+02,1.038781593149125548e+00,1.138270696003140570e+00,-1.436530828116115710e-01
2.440000000000000000e+02,1.038798374758912679e+00,1.137937098052393736e+00,-1.436469384888124368e-01
2.450000000000000000e+02,1.038815184336622011e+00,1.137597218214320138e+00,-1.436405690273322988e-01
2.460000000000000000e+02,1.038832011873242145e+00,1.137250935658592477e+00,-1.436339660684728681e-01
2.470000000000000000e+02,1.038848846662533854e+00,1.136898129586763728e+00,-1.436271209874516730e-01
2.480000000000000000e+02,1.038865677283591582e+00,1.136538679235544747e+00,-1.436200248867126605e-01
2.490000000000000000e+02,1.038882491593025925e+00,1.136172463706819791e+00,-1.436126685856235208e-01
2.500000000000000000e+02,1.038899275734644467e+00,1.135799383870515378e+00,-1.436050430647774212e-01
2.510000000000000000e+02,1.038915984769346101e+00,1.135420038335686721e+00,-1.435971536787542246e-01
2.520000000000000000e+02,1.038932595362096256e+00,1.135034565522557548e+00,-1.435889967148028801e-01
2.530000000000000000e+02,1.038949100250526669e+00,1.134642724646261147e+00,-1.435805603296395061e-01
2.540000000000000000e+02,1.038965490975420902e+00,1.134244274896618387e+00,-1.435718322189188656e-01
2.550000000000000000e+02,1.038981757839287035e+00,1.133838975578000507e+00,-1.435627996065598211e-01
2.560000000000000000e+02,1.038997889870440394e+00,1.133426586106252909e+00,-1.435534492306321519e-01
2.570000000000000000e+02,1.039013874790821079e+00,1.133006865900967997e+00,-1.435437673263188774e-01
2.580000000000000000e+02,1.039029698977633309e+00,1.132579574385593535e+00,-1.435337396106912133e-01
2.590000000000000000e+02,1.039045347423760868e+00,1.132144470990194440e+00,-1.435233512670600065e-01
2.600000000000000000e+02,1.039060803700605273e+00,1.131701315096636185e+00,-1.435125869274386512e-01
2.610000000000000000e+02,1.039076049918014721e+00,1.131249866013747329e+00,-1.435014306551303520e-01
2.620000000000000000e+02,1.039091066677223507e+00,1.130789883049846622e+00,-1.434898659292324630e-01
2.630000000000000000e+02,1.039105833026609638e+00,1.130321125522123493e+00,-1.434778756272142852e-01
2.640000000000000000e+02,1.039120326416748785e+00,1.129843352762707198e+00,-1.434654420069540748e-01
2.650000000000000000e+02,1.039134522654387993e+00,1.129356324143283796e+00,-1.434525466888119383e-01
2.660000000000000000e+02,1.039148395855537643e+00,1.128859799075903059e+00,-1.434391706366489605e-01
2.670000000000000000e+02,1.039161918397644602e+00,1.128353537006105523e+00,-1.434252941381657931e-01
2.680000000000000000e+02,1.039175060870798362e+00,1.127837297418955442e+00,-1.434108967851155381e-01
2.690000000000000000e+02,1.039187792029164115e+00,1.127310839840619971e+00,-1.433959574529365955e-01
2.700000000000000000e+02,1.039200078741322475e+00,1.126773923841473124e+00,-1.433804542799675674e-01
2.710000000000000000e+02,1.039211885937299185e+00,1.126226309050902596e+00,-1.433643646465478649e-01
2.720000000000000000e+02,1.039223176556184791e+00,1.125667755166215089e+00,-1.433476651535196822e-01
2.730000000000000000e+02,1.039233911494103602e+00,1.125098021952282812e+00,-1.433303316000081873e-01
2.740000000000000000e+02,1.039244049551249383e+00,1.124516869243415762e+00,-1.433123389608044196e-01
2.750000000000000000e+02,1.039253547376088882e+00,1.123924056965776908e+00,-1.432936613639384515e-01
2.760000000000000000e+02,1.039262359410194847e+00,1.123319345151170712e+00,-1.432742720675808379e-01
2.770000000000000000e+02,1.039270437834323824e+00,1.122702493975838767e+00,-1.432541434373511557e-01
2.780000000000000000e+02,1.039277732511823871e+00,1.122073263769977070e+00,-1.432332469223110971e-01
2.790000000000000000e+02,1.039284190930308993e+00,1.121431415010883503e+00,-1.432115530299673256e-01
2.800000000000000000e+02,1.039289758144759102e+00,1.120776708228789387e+00,-1.431890312977557589e-01
2.810000000000000000e+02,1.039294376720689028e+00,1.120108903824665658e+00,-1.431656502605984926e-01
2.820000000000000000e+02,1.039297986674460272e+00,1.119427762292918294e+00,-1.431413774318414101e-01
2.830000000000000000e+02,1.039300525414740717e+00,1.118733044421771128e+00,-1.431161792837031266e-01
2.840000000000000000e+02,1.039301927685889915e+00,1.118024511970722612e+00,-1.430900212457870968e-01
2.850000000000000000e+02,1.039302125506745611e+00,1.117301927259698013e+00,-1.430628676645520347e-01
2.860000000000000000e+02,1.039301048109634085e+00,1.116565052724246998e+00,-1.430346817594608522e-01
2.870000000000000000e+02,1.039298621878912421e+00,1.115813649698456533e+00,-1.430054255465421365e-01
2.880000000000000000e+02,1.039294770291606884e+00,1.115047479157618371e+00,-1.429750598346703205e-01
2.890000000000000000e+02,1.039289413859643574e+00,1.114266302620911864e+00,-1.429435442307772086e-01
2.900000000000000000e+02,1.039282470076167142e+00,1.113469883496436941e+00,-1.429108371666832078e-01
2.910000000000000000e+02,1.039273853349844012e+00,1.112657986054720105e+00,-1.428768958314343973e-01
2.920000000000000000e+02,1.039263474939402077e+00,1.111830374417280609e+00,-1.428416760994537238e-01
2.930000000000000000e+02,1.039251242890164351e+00,1.110986811922572315e+00,-1.428051324701240798e-01
2.940000000000000000e+02,1.039237061978989018e+00,1.110127062170309209e+00,-1.427672180783833289e-01
2.950000000000000000e+02,1.039220833658748067e+00,1.109250889687702246e+00,-1.427278846923960565e-01
2.960000000000000000e+02,1.039202455997653152e+00,1.108358059816770824e+00,-1.426870826779946533e-01
2.970000000000000000e+02,1.039181823616493139e+00,1.107448338305597968e+00,-1.426447609482387469e-01
2.980000000000000000e+02,1.039158827628168691e+00,1.106521491170425975e+00,-1.426008669233652937e-01
2.990000000000000000e+02,1.039133355580601714e+00,1.105577284935344018e+00,-1.425553465077788740e-01
3.000000000000000000e+02,1.039105291395850950e+00,1.104615486672259506e+00,-1.425081440577632419e-01
3.010000000000000000e+02,1.039074515314489799e+00,1.103635864051800919e+00,-1.424592023493762016e-01
3.020000000000000000e+02,1.039040903837945784e+00,1.102638185375662161e+00,-1.424084625450476593e-01
3.030000000000000000e+02,1.039004329672622573e+00,1.101622219615907783e+00,-1.423558641601085917e-01
3.040000000000000000e+02,1.038964661672209910e+00,1.100587736419938345e+00,-1.423013450270813052e-01
3.050000000000000000e+02,1.038921764781765233e+00,1.099534506134579814e+00,-1.422448412604003509e-01
3.060000000000000000e+02,1.038875499984207362e+00,1.098462299864732650e+00,-1.421862872225256591e-01
3.070000000000000000e+02,1.038825724244852866e+00,1.097370889495514756e+00,-1.421256154876774647e-01
3.080000000000000000e+02,1.038772290460344028e+00,1.096260047747523281e+00,-1.420627568069366409e-01
3.090000000000000000e+02,1.038715047404391134e+00,1.095129548198116920e+00,-1.419976400710011855e-01
3.100000000000000000e+02,1.038653882960654418e+00,1.093979959508210698e+00,-1.419302392497204801e-01
3.110000000000000000e+02,1.038588675346121759e+00,1.092811609964008168e+00,-1.418605152055347485e-01
3.120000000000000000e+02,1.038519244260661223e+00,1.091623820046170534e+00,-1.417883674687278328e-01
3.130000000000000000e+02,1.038445400467062685e+00,1.090415911245650848e+00,-1.417136917148215380e-01
3.140000000000000000e+02,1.038366945571652433e+00,1.089187206128886309e+00,-1.416363796496931948e-01
3.150000000000000000e+02,1.038283671834824506e+00,1.087937028721942534e+00,-1.415563189111867515e-01
3.160000000000000000e+02,1.038195362035486902e+00,1.086664705781183127e+00,-1.414733930268416706e-01
3.170000000000000000e+02,1.038101789126170127e+00,1.085369565154499227e+00,-1.413874811810173493e-01
3.180000000000000000e+02,1.038002715851747082e+00,1.084050933823291762e+00,-1.412984579444991062e-01
3.190000000000000000e+02,1.037897894824761025e+00,1.082708142153544051e+00,-1.412061934154534293e-01
3.200000000000000000e+02,1.037787068321362804e+00,1.081340524361714239e+00,-1.411105531186706008e-01
3.210000000000000000e+02,1.037669967807718807e+00,1.079947415342129124e+00,-1.410113976432287586e-01
3.220000000000000000e+02,1.037546313785094876e+00,1.078528151842256255e+00,-1.409085825693721927e-01
3.230000000000000000e+02,1.037415815600419622e+00,1.077082073288847974e+00,-1.408019583729757662e-01
3.240000000000000000e+02,1.037278171174437658e+00,1.075608521456773881e+00,-1.406913702441709157e-01
3.250000000000000000e+02,1.037133066771301682e+00,1.074106840658583195e+00,-1.405766579386410198e-01
3.260000000000000000e+02,1.036980176762224648e+00,1.072576377951360849e+00,-1.404576556267247700e-01
3.270000000000000000e+02,1.036819163382761033e+00,1.071016483243385720e+00,-1.403341917313088993e-01
3.280000000000000000e+02,1.036649676499660666e+00,1.069426509463816899e+00,-1.402060887668298006e-01
3.290000000000000000e+02,1.036471353374042614e+00,1.067805812725813652e+00,-1.400731631741224115e-01
3.300000000000000000e+02,1.036283818422786052e+00,1.066153752483628869e+00,-1.399352251511289669e-01
3.310000000000000000e+02,1.036086682986875340e+00,1.064469691709888810e+00,-1.397920784817829054e-01
3.320000000000000000e+02,1.035879545101409338e+00,1.062752997077660355e+00,-1.396435203618875132e-01
3.330000000000000000e+02,1.035661989266526861e+00,1.061003039145876237e+00,-1.394893412219292417e-01
3.340000000000000000e+02,1.035433586220535718e+00,1.059219192550140631e+00,-1.393293245471032837e-01
3.350000000000000000e+02,1.035193892716625763e+00,1.057400836199045457e+00,-1.391632466947067825e-01
3.360000000000000000e+02,1.034942451305068900e+00,1.055547353481629314e+00,-1.389908767095866526e-01
3.370000000000000000e+02,1.034678790117865788e+00,1.053658132478481280e+00,-1.388119761370848193e-01
3.380000000000000000e+02,1.034402422657423104e+00,1.051732566179161665e+00,-1.386262988339090618e-01
3.390000000000000000e+02,1.034112847589719442e+00,1.049770052706447743e+00,-1.384335907771806484e-01
3.400000000000000000e+02,1.033809548542180323e+00,1.047769995547278787e+00,-1.382335898718698164e-01
3.410000000000000000e+02,1.033491993906498374e+00,1.045731803790428405e+00,-1.380260257568693416e-01
3.420000000000000000e+02,1.033159636646537649e+00,1.043654892370847964e+00,-1.378106196099694036e-01
3.430000000000000000e+02,1.032811914111505081e+00,1.041538682320734432e+00,-1.375870839520372813e-01
3.440000000000000000e+02,1.032448247854501178e+00,1.039382601027365016e+00,-1.373551224507311430e-01
3.450000000000000000e+02,1.032068043456417339e+00,1.037186082497365547e+00,-1.371144297240648180e-01
3.460000000000000000e+02,1.031670690355461106e+00,1.034948567628487304e+00,-1.368646911443300029e-01
3.470000000000000000e+02,1.031255561681682753e+00,1.032669504485472789e+00,-1.366055826424137087e-01
3.480000000000000000e+02,1.030822014098607076e+00,1.030348348592163843e+00,-1.363367705143463393e-01
3.490000000000000000e+02,1.030369387646574486e+00,1.027984563210602165e+00,-1.360579112272354840e-01
3.500000000000000000e+02,1.029897005594868853e+00,1.025577619646929506e+00,-1.357686512296428227e-01
3.510000000000000000e+02,1.029404174298773178e+00,1.023126997562802343e+00,-1.354686267646532383e-01
3.520000000000000000e+02,1.028890183058700947e+00,1.020632185279955806e+00,-1.351574636846792354e-01
3.530000000000000000e+02,1.028354303986065199e+00,1.018092680103453329e+00,-1.348347772717143622e-01
3.540000000000000000e+02,1.027795791873079123e+00,1.015507988650601767e+00,-1.345001720622264474e-01
3.550000000000000000e+02,1.027213884064484661e+00,1.012877627185093887e+00,-1.341532416772856506e-01
3.560000000000000000e+02,1.026607800331290399e+00,1.010201121958906656e+00,-1.337935686590217832e-01
3.570000000000000000e+02,1.025976742751746551e+00,1.007478009566352695e+00,-1.334207243151315780e-01
3.580000000000000000e+02,1.025319895593337804e+00,1.004707837305643059e+00,-1.330342685715299733e-01
3.590000000000000000e+02,1.024636425190471156e+00,1.001890163545286594e+00,-1.326337498334437537e-01
3.600000000000000000e+02,1.023925479822215490e+00,9.990245581002343833e-01,-1.322187048567930734e-01
3.610000000000000000e+02,1.023186189601799745e+00,9.961106026267505520e-01,-1.317886586329447551e-01
3.620000000000000000e+02,1.022417666349262566e+00,9.931478910169502239e-01,-1.313431242837777846e-01
3.630000000000000000e+02,1.021619003462771014e+00,9.901360298064597609e-01,-1.308816029708531892e-01
3.640000000000000000e+02,1.020789275803204443e+00,9.870746386041473475e-01,-1.304035838223369104e-01
3.650000000000000000e+02,1.019927539540849581e+00,9.839633505128546620e-01,-1.299085438711811424e-01
3.660000000000000000e+02,1.019032832045450698e+00,9.808018126354882682e-01,-1.293959480248864924e-01
3.670000000000000000e+02,1.018104171402978153e+00,9.775896854466541441e-01,-1.288652488617301750e-01
3.680000000000000000e+02,1.017140366845252997e+00,9.743260008020111496e-01,-1.283157776292144225e-01
3.690000000000000000e+02,1.016139726968994461e+00,9.710082356611116072e-01,-1.277465743830691058e-01
3.700000000000000000e+02,1.015100963692614044e+00,9.676353952584044738e-01,-1.271569055840472695e-01
3.710000000000000000e+02,1.014022792522895511e+00,9.642066143946663725e-01,-1.265460364678105409e-01
3.720000000000000000e+02,1.012903902175062765e+00,9.607210526193792344e-01,-1.259132135087985827e-01
3.730000000000000000e+02,1.011742952800067652e+00,9.571778879395453909e-01,-1.252576632392870259e-01
3.740000000000000000e+02,1.010538577072932709e+00,9.535763196504826178e-01,-1.245785927225664946e-01
3.750000000000000000e+02,1.009289380469018838e+00,9.499155683669990857e-01,-1.238751895974065514e-01
3.760000000000000000e+02,1.007993941733103194e+00,9.461948764699676939e-01,-1.231466222675528521e-01
3.770000000000000000e+02,1.006650813386374077e+00,9.424135084825052688e-01,-1.223920401559258214e-01
3.780000000000000000e+02,1.005258522231805118e+00,9.385707512714912548e-01,-1.216105740080372227e-01
3.790000000000000000e+02,1.003815570597939244e+00,9.346659160653929543e-01,-1.208013366649540038e-01
3.800000000000000000e+02,1.002320435325795067e+00,9.306983341798921172e-01,-1.199634226356609823e-01
3.810000000000000000e+02,1.000771570746858519e+00,9.266673633861270964e-01,-1.190959099805631305e-01
3.820000000000000000e+02,9.991674079768719796e-01,9.225723840704663781e-01,-1.181978602024734842e-01
3.830000000000000000e+02,9.975063560820095487e-01,9.184128003465911183e-01,-1.172683192808089969e-01
3.840000000000000000e+02,9.957868031374123019e-01,9.141880406279458970e-01,-1.163063187404699272e-01
3.850000000000000000e+02,9.940071170733167927e-01,9.098975574733257909e-01,-1.153108767069067758e-01
3.860000000000000000e+02,9.921656466802426522e-01,9.055408276680535495e-01,-1.142809991656758700e-01
3.870000000000000000e+02,9.902607226562654130e-01,9.011173522354248844e-01,-1.132156813703548703e-01
3.880000000000000000e+02,9.882906587154681732e-01,8.966266564247412640e-01,-1.121139094193369240e-01
3.890000000000000000e+02,9.862537528373567230e-01,8.920682898514002979e-01,-1.109746620563388242e-01
3.900000000000000000e+02,9.841482882116936448e-01,8.874418257926678377e-01,-1.097969124552895803e-01
3.910000000000000000e+02,9.819725346293162183e-01,8.827468613438275158e-01,-1.085796304195319473e-01
3.920000000000000000e+02,9.797247495463198286e-01,8.779830167048171541e-01,-1.073217845739646292e-01
3.930000000000000000e+02,9.774031796324327281e-01,8.731499353675974406e-01,-1.060223450131227707e-01
3.940000000000000000e+02,9.750060619760669844e-01,8.682472834095433800e-01,-1.046802859516516720e-01
3.950000000000000000e+02,9.725316254791562809e-01,8.632747490686450975e-01,-1.032945886875140662e-01
3.960000000000000000e+02,9.699780922648318926e-01,8.582320421937981170e-01,-1.018642447840532178e-01
3.970000000000000000e+02,9.673436790991546408e-01,8.531188936068390127e-01,-1.003882594856060212e-01
3.980000000000000000e+02,9.646265988560089877e-01,8.479350544079611307e-01,-9.886565538586662705e-02
3.990000000000000000e+02,9.618250619956886238e-01,8.426802951926352092e-01,-9.729547634498396380e-02
4.000000000000000000e+02,9.589372780732607904e-01,8.373544051970238655e-01,-9.567679166832937510e-02
4.010000000000000000e+02,9.559614572718265757e-01,8.319571913648781125e-01,-9.400870055083015986e-02
4.020000000000000000e+02,9.528958119521384607e-01,8.264884773248155625e-01,-9.229033678818986119e-02
4.030000000000000000e+02,9.497385582418411687e-01,8.209481023137626954e-01,-9.052087377123778367e-02
4.040000000000000000e+02,9.464879174906478676e-01,8.153359197427290095e-01,-8.869952966888292045e-02
4.050000000000000000e+02,9.431421178166289332e-01,8.096517976679934447e-01,-8.682557329530891932e-02
4.060000000000000000e+02,9.396993120151470036e-01,8.038956691930670972e-01,-8.489832089332015330e-02
4.070000000000000000e+02,9.361574964025385359e-01,7.980675717569007954e-01,-8.291712915678742246e-02
4.080000000000000000e+02,9.325118496294978465e-01,7.921630683407472340e-01,-8.087985160656516181e-02
4.090000000000000000e+02,9.287486512742494371e-01,7.861639396166794080e-01,-7.877945489411691815e-02
4.100000000000000000e+02,9.248657929981063397e-01,7.800712012806987339e-01,-7.661549041135744254e-02
4.110000000000000000e+02,9.208627333087948674e-01,7.738882394060334624e-01,-7.438847426682819453e-02
4.120000000000000000e+02,9.167390316468967404e-01,7.676184065330662332e-01,-7.209907239011965896e-02
4.130000000000000000e+02,9.124943515941497107e-01,7.612650168599159883e-01,-6.974810688864337138e-02
4.140000000000000000e+02,9.081284636676292266e-01,7.548313414992866566e-01,-6.733656196060747168e-02
4.150000000000000000e+02,9.036412476853497022e-01,7.483206037896246166e-01,-6.486558930471986173e-02
4.160000000000000000e+02,8.990326948522292527e-01,7.417359748970545619e-01,-6.233651305988443386e-02
4.170000000000000000e+02,8.943029092545471403e-01,7.350805692536630520e-01,-5.975083405065826497e-02
4.180000000000000000e+02,8.894521087552867966e-01,7.283574398599920174e-01,-5.711023328796253212e-02
4.190000000000000000e+02,8.844806259420989747e-01,7.215695743603187662e-01,-5.441657503182287942e-02
4.200000000000000000e+02,8.793889085330127697e-01,7.147198910280900819e-01,-5.167190904148983438e-02
4.210000000000000000e+02,8.741775194335612564e-01,7.078112349327175812e-01,-4.887847207432310243e-02
4.220000000000000000e+02,8.688471364676397801e-01,7.008463743023768400e-01,-4.603868860272859048e-02
4.230000000000000000e+02,8.633985518047454510e-01,6.938279970933559637e-01,-4.315517072169913065e-02
4.240000000000000000e+02,8.578326713378507939e-01,6.867587080635922936e-01,-4.023071734409511269e-02
4.250000000000000000e+02,8.521505123328951825e-01,6.796410242136274871e-01,-3.726831177428607811e-02
4.260000000000000000e+02,8.463532047648644197e-01,6.724773753737507409e-01,-3.427112046245021221e-02
4.270000000000000000e+02,8.404419865875570883e-01,6.652700976534756672e-01,-3.124248782279153563e-02
4.280000000000000000e+02,8.344181639533985173e-01,6.580214702210729349e-01,-2.818592730330484949e-02
4.290000000000000000e+02,8.282827787670488107e-01,6.507339846562161245e-01,-2.510506310868949875e-02
4.300000000000000000e+02,8.220367741057970079e-01,6.434102214824605204e-01,-2.200364830972853167e-02
4.310000000000000000e+02,8.156811762418874068e-01,6.360526976771929686e-01,-1.888558566072675096e-02
4.320000000000000000e+02,8.092170953577145776e-01,6.286638633503943696e-01,-1.575492080113246804e-02
4.330000000000000000e+02,8.026457243263382946e-01,6.212460996643839328e-01,-1.261583436603353446e-02
4.340000000000000000e+02,7.959683375502084601e-01,6.138017171945601147e-01,-9.472633463146052160e-03
4.350000000000000000e+02,7.891862896451987686e-01,6.063329544702159568e-01,-6.329742422804329055e-03
4.360000000000000000e+02,7.823010139509747329e-01,5.988419766606085659e-01,-3.191692829611630141e-03
4.370000000000000000e+02,7.753140207396554962e-01,5.913308742621511405e-01,-6.311280274826085071e-05
4.380000000000000000e+02,7.682268955455511250e-01,5.838016622344111006e-01,3.051284255186254967e-03
4.390000000000000000e+02,7.610412973021823957e-01,5.762562792212547746e-01,6.146711558680418783e-03
4.400000000000000000e+02,7.537589563823161587e-01,5.686965869493050274e-01,9.218321410919395539e-03
4.410000000000000000e+02,7.463816725578982236e-01,5.611243698057095664e-01,1.226121820268811884e-02
4.420000000000000000e+02,7.389113128924104101e-01,5.535413345916918582e-01,1.527047189374081126e-02
4.430000000000000000e+02,7.313498095784320974e-01,5.459491104484776036e-01,1.824113192884475182e-02
4.440000000000000000e+02,7.236991577326873371e-01,5.383492489512616830e-01,2.116824153838222158e-02
4.450000000000000000e+02,7.159614131528631020e-01,5.307432243954917084e-01,2.404685237027289271e-02
4.460000000000000000e+02,7.081386103441089652e-01,5.231325175610124223e-01,2.687205198592081470e-02
4.470000000000000000e+02,7.002325725377275267e-01,5.155188105319405967e-01,2.963900903340462370e-02
4.480000000000000000e+02,6.922451194217381643e-01,5.079037819496551309e-01,3.234295401129412550e-02
4.490000000000000000e+02,6.841781190355850084e-01,5.002890516426314882e-01,3.497918557713619592e-02
4.500000000000000000e+02,6.760334861101138237e-01,4.926761807632990542e-01,3.754308534498049937e-02
4.510000000000000000e+02,6.678131804811355821e-01,4.850666721400184733e-01,4.003013265339700616e-02
4.520000000000000000e+02,6.595192054225571532e-01,4.774619706880657288e-01,4.243591930402313556e-02
4.530000000000000000e+02,6.511536059668718845e-01,4.698634639356931153e-01,4.475616419446539623e-02
4.540000000000000000e+02,6.427184672107952856e-01,4.622724826541850796e-01,4.698672779341567241e-02
4.550000000000000000e+02,6.342159126116442280e-01,4.546903015882253207e-01,4.912362640327112839e-02
4.560000000000000000e+02,6.256481022797402147e-01,4.471181402826902018e-01,5.116304615599012728e-02
4.570000000000000000e+02,6.170172312716831753e-01,4.395571640017049142e-01,5.310135668861327291e-02
4.580000000000000000e+02,6.083255278896554374e-01,4.320084847363249714e-01,5.493512444562341501e-02
4.590000000000000000e+02,5.995752521598055607e-01,4.244731624410296722e-01,5.666112552447111206e-02
4.600000000000000000e+02,5.907686941642191769e-01,4.169522062069948576e-01,5.827635808853637300e-02
4.610000000000000000e+02,5.819114184292382141e-01,4.094493147707465863e-01,5.977752677019093630e-02
4.620000000000000000e+02,5.730325455178698624e-01,4.019879269745390560e-01,6.115826838598581450e-02
4.630000000000000000e+02,5.641415467929774552e-01,3.945748297363578239e-01,6.241662752652665097e-02
4.640000000000000000e+02,5.552422442828356397e-01,3.872119937781323684e-01,6.355200895262798355e-02
4.650000000000000000e+02,5.463384871665930564e-01,3.799013418505532980e-01,6.456417760426132191e-02
4.660000000000000000e+02,5.374341497285822777e-01,3.726447507545626592e-01,6.545325800362992996e-02
4.670000000000000000e+02,5.285331293416072329e-01,3.654440534082328274e-01,6.621973208680305423e-02
4.680000000000000000e+02,5.196393444879278123e-01,3.583010409562967791e-01,6.686443547363142559e-02
4.690000000000000000e+02,5.107567328215271152e-01,3.512174649159041095e-01,6.738855219489209292e-02
4.700000000000000000e+02,5.018892492747274447e-01,3.441950393521130414e-01,6.779360790397793990e-02
4.710000000000000000e+02,4.930408642187394941e-01,3.372354430818661486e-01,6.808146160846499650e-02
4.720000000000000000e+02,4.842155617432731263e-01,3.303403219486844566e-01,6.825429596488157002e-02
4.730000000000000000e+02,4.754173376340183887e-01,3.235112908319034419e-01,6.831460619435916759e-02
4.740000000000000000e+02,4.666501979685580559e-01,3.167499361030078342e-01,6.826518765785552501e-02
4.750000000000000000e+02,4.579181573776245351e-01,3.100578177740936359e-01,6.810912218358310122e-02
4.760000000000000000e+02,4.492252374595771536e-01,3.034364717156597946e-01,6.784976320320415533e-02
4.770000000000000000e+02,4.405754648183166644e-01,2.968874125046737644e-01,6.749071982735738162e-02
4.780000000000000000e+02,4.319728453358538389e-01,2.904121677711532512e-01,6.703584214262939267e-02
4.790000000000000000e+02,4.234213528105052471e-01,2.840122943128977062e-01,6.648920384932244243e-02
4.800000000000000000e+02,4.149249631571531594e-01,2.776893335000643614e-01,6.585507983477903449e-02
4.810000000000000000e+02,4.064876563364003270e-01,2.714448091289171083e-01,6.513792643330566789e-02
4.820000000000000000e+02,3.981134150937824523e-01,2.652802291782371813e-01,6.434236136393796379e-02
4.830000000000000000e+02,3.898062238372755339e-01,2.591970876106035049e-01,6.347314316145521995e-02
4.840000000000000000e+02,3.815700675449186785e-01,2.531968661337105631e-01,6.253515020522348866e-02
4.850000000000000000e+02,3.734089307187251627e-01,2.472810359304839223e-01,6.153335946037419985e-02
4.860000000000000000e+02,3.653267963846349997e-01,2.414510593547565531e-01,6.047282504688657190e-02
4.870000000000000000e+02,3.573276451383939900e-01,2.357083915896557025e-01,5.935865675359571630e-02
4.880000000000000000e+02,3.494154542367987615e-01,2.300544822657691890e-01,5.819599861492188997e-02
4.890000000000000000e+02,3.415941967341738494e-01,2.244907770368586575e-01,5.699000766839892179e-02
4.900000000000000000e+02,3.338678406633744378e-01,2.190187191106713616e-01,5.574583301058895490e-02
4.910000000000000000e+02,3.262403482608349781e-01,2.136397507329070578e-01,5.446859526796265366e-02
4.920000000000000000e+02,3.187156752348434541e-01,2.083553146224105257e-01,5.316336659758991862e-02
4.930000000000000000e+02,3.112977700765098832e-01,2.031668553561913060e-01,5.183515133021739801e-02
4.940000000000000000e+02,3.039905734123509173e-01,1.980758207027152329e-01,5.048886736525262653e-02
4.950000000000000000e+02,2.967980172513510762e-01,1.930836631522473978e-01,4.912932843585154224e-02
4.960000000000000000e+02,2.897240109480782033e-01,1.881918606661436844e-01,4.776122801131733875e-02
4.970000000000000000e+02,2.827702092454794092e-01,1.834004003266121730e-01,4.638868079147669826e-02
4.980000000000000000e+02,2.759352718295541296e-01,1.787072481359961440e-01,4.501501419338366922e-02
4.990000000000000000e+02,2.692185693346030861e-01,1.741109094010906966e-01,4.364347980274382865e-02
5.000000000000000000e+02,2.626194490152606864e-01,1.696099183934256238e-01,4.227711674145346460e-02
5.010000000000000000e+02,2.561372356635154279e-01,1.652028374178872161e-01,4.091875614083637785e-02
5.020000000000000000e+02,2.497712325121279886e-01,1.608882559174209803e-01,3.957102602791223028e-02
5.030000000000000000e+02,2.435207221023425184e-01,1.566647895977611449e-01,3.823635657147388123e-02
5.040000000000000000e+02,2.373849671180253973e-01,1.525310795728937185e-01,3.691698564212411715e-02
5.050000000000000000e+02,2.313632111872250263e-01,1.484857915310527354e-01,3.561496464272289469e-02
5.060000000000000000e+02,2.254546796525857821e-01,1.445276149214280714e-01,3.433216456828554891e-02
5.070000000000000000e+02,2.196585803115471414e-01,1.406552621613123277e-01,3.307028225667465321e-02
5.080000000000000000e+02,2.139741041276697620e-01,1.368674678637611664e-01,3.183084679388097776e-02
5.090000000000000000e+02,2.084004259140231630e-01,1.331629880854949544e-01,3.061522603987929664e-02
5.100000000000000000e+02,2.029367049897367048e-01,1.295405995949038269e-01,2.942463324330014257e-02
5.110000000000000000e+02,1.975820858122749324e-01,1.259990991609732380e-01,2.826013371561869603e-02
5.120000000000000000e+02,1.923356985826804866e-01,1.225373028604186953e-01,2.712265153647398785e-02
5.130000000000000000e+02,1.871966598203255727e-01,1.191540453998997523e-01,2.601297626359795265e-02
5.140000000000000000e+02,1.821640729314621676e-01,1.158481794684465688e-01,2.493176962876019268e-02
5.150000000000000000e+02,1.772370287557609447e-01,1.126185751087023651e-01,2.387957219422624094e-02
5.160000000000000000e+02,1.724146060384551815e-01,1.094641190719139595e-01,2.285680993840027292e-02
5.170000000000000000e+02,1.676958719846191326e-01,1.063837142583587692e-01,2.186380078554452100e-02
5.180000000000000000e+02,1.630798826976047333e-01,1.033762791125856367e-01,2.090076102037749864e-02
5.190000000000000000e+02,1.585656836406833248e-01,1.004407470638356420e-01,1.996781160200099964e-02
5.200000000000000000e+02,1.541523100804082502e-01,9.757606598351378779e-02,1.906498435436553007e-02
5.210000000000000000e+02,1.498387875485036047e-01,9.478119762363494682e-02,1.819222802239117351e-02
5.220000000000000000e+02,1.456241392059954842e-01,9.205510622076559790e-02,1.734941405790534075e-02
5.230000000000000000e+02,1.415073943632074727e-01,8.939674585001040896e-02,1.653634232801226567e-02
5.240000000000000000e+02,1.374875723299965047e-01,8.680508418688305527e-02,1.575274687148683905e-02
5.250000000000000000e+02,1.335636811628421461e-01,8.427910598884924553e-02,1.499830146035155756e-02
5.260000000000000000e+02,1.297347179487780833e-01,8.181781204052267220e-02,1.427262474736688477e-02
5.270000000000000000e+02,1.259996694535348849e-01,7.942021838757734598e-02,1.357528531228823984e-02
5.280000000000000000e+02,1.223575126870382335e-01,7.708535556884449358e-02,1.290580651304874815e-02
5.290000000000000000e+02,1.188072154302627498e-01,7.481226787339802231e-02,1.226367114692736293e-02
5.300000000000000000e+02,1.153477367431124112e-01,7.260001263358051293e-02,1.164832592243338419e-02
5.310000000000000000e+02,1.119780274476204346e-01,7.044765954864565249e-02,1.105918573864652331e-02
5.320000000000000000e+02,1.086970305854282060e-01,6.835429003672945092e-02,1.049563777049189808e-02
5.330000000000000000e+02,1.055036818523469311e-01,6.631899661536949653e-02,9.957045359860364903e-03
5.340000000000000000e+02,1.023969100109892588e-01,6.434088230964088440e-02,9.442751712824505247e-03
5.350000000000000000e+02,9.937563728244937222e-02,6.241906008701044589e-02,8.952083403832964900e-03
5.360000000000000000e+02,9.643877971806839866e-02,6.055265231810053744e-02,8.484353688359917711e-03
5.370000000000000000e+02,9.358524755208701140e-02,5.874079026239985984e-02,8.038865625982367577e-03
5.380000000000000000e+02,9.081317761167796709e-02,5.698212658806243308e-02,7.614798749548986126e-03
5.390000000000000000e+02,8.811490012600059485e-02,5.527164722738259206e-02,7.210477469636943776e-03
5.400000000000000000e+02,8.548772372055522817e-02,5.360751328985898650e-02,6.825029421584814619e-03
5.410000000000000000e+02,8.293043635254064572e-02,5.198883379341365241e-02,6.457812388606647136e-03
5.420000000000000000e+02,8.044182208326371153e-02,5.041472377262905258e-02,6.108186854478790499e-03
5.430000000000000000e+02,7.802066130647382358e-02,4.888430393697346110e-02,5.775517665589862716e-03
5.440000000000000000e+02,7.566573096425412148e-02,4.739670034614747868e-02,5.459175553779848505e-03
5.450000000000000000e+02,7.337580475127271351e-02,4.595104410200562955e-02,5.158538525018331600e-03
5.460000000000000000e+02,7.114965330797523579e-02,4.454647105636498627e-02,4.872993119043439979e-03
5.470000000000000000e+02,6.898604440314881625e-02,4.318212153393299890e-02,4.601935545146524850e-03
5.480000000000000000e+02,6.688374310643398213e-02,4.185714006974376039e-02,4.344772699370982351e-03
5.490000000000000000e+02,6.484151195130023748e-02,4.057067516047915823e-02,4.100923068424638593e-03
5.500000000000000000e+02,6.285811108894830135e-02,3.932187902904181465e-02,3.869817525618684650e-03
5.510000000000000000e+02,6.093229843357394343e-02,3.810990740177202379e-02,3.650900024146289027e-03
5.520000000000000000e+02,5.906282979943076189e-02,3.693391929772813637e-02,3.443628192999900143e-03
5.530000000000000000e+02,5.724845903018224713e-02,3.579307682952000136e-02,3.247473840802204189e-03
5.540000000000000000e+02,5.548793812063802094e-02,3.468654501496491044e-02,3.061923372738351284e-03
5.550000000000000000e+02,5.378001733242068066e-02,3.361349159977610607e-02,2.886478125873324831e-03
5.560000000000000000e+02,5.212344530109638135e-02,3.257308688900788923e-02,2.720654627647993342e-03
5.570000000000000000e+02,5.051696913820405421e-02,3.156450358871123324e-02,2.563984782893752486e-03
5.580000000000000000e+02,4.895933452863816815e-02,3.058691665741523208e-02,2.416015994272116118e-03
5.590000000000000000e+02,4.744928582027083119e-02,2.963950316483409536e-02,2.276311220619830610e-03
5.600000000000000000e+02,4.598556610881152779e-02,2.872144215906459463e-02,2.144448978184368762e-03
5.610000000000000000e+02,4.456691731767944975e-02,2.783191454154433295e-02,2.020023289288545940e-03
5.620000000000000000e+02,4.319208027344732109e-02,2.697010294955712664e-02,1.902643582919481434e-03
5.630000000000000000e+02,4.185979477709338842e-02,2.613519164589371904e-02,1.791934551580786489e-03
5.640000000000000000e+02,4.056879967011432081e-02,2.532636641455932383e-02,1.687535968524214161e-03
5.650000000000000000e+02,3.931783289531832343e-02,2.454281446192105309e-02,1.589102469424666679e-03
5.660000000000000000e+02,3.810563155692226617e-02,2.378372432573807455e-02,1.496303302796113529e-03
5.670000000000000000e+02,3.693093197548977247e-02,2.304828578882246737e-02,1.408822052565820949e-03
5.680000000000000000e+02,3.579246973885052280e-02,2.233568979761531639e-02,1.326356336564960686e-03
5.690000000000000000e+02,3.468897975046811299e-02,2.164512838621917429e-02,1.248617484560613682e-03
5.700000000000000000e+02,3.361919627465393551e-02,2.097579460510984317e-02,1.175330199152239659e-03
5.710000000000000000e+02,3.258185297880968057e-02,2.032688245427449747e-02,1.106232202780449078e-03
5.720000000000000000e+02,3.157568297306163202e-02,1.969758682069397415e-02,1.041073873969183697e-03
5.730000000000000000e+02,3.059941884718164404e-02,1.908710341973523031e-02,9.796178757502523819e-04
5.740000000000000000e+02,2.965179270544523668e-02,1.849462874059632292e-02,9.216387791352010327e-04
5.750000000000000000e+02,2.873153619889555824e-02,1.791935999515065908e-02,8.669226842873119319e-04
5.760000000000000000e+02,2.783738055487615035e-02,1.736049506985714100e-02,8.152668419490046933e-04
5.770000000000000000e+02,2.696805660509364946e-02,1.681723248124981571e-02,7.664792776312799767e-04
5.780000000000000000e+02,2.612275133523589768e-02,1.628905656580322686e-02,7.204029407286283290e-04
5.790000000000000000e+02,2.530164712808833163e-02,1.577607409761252327e-02,6.769399012182267727e-04
5.800000000000000000e+02,2.450431481445905502e-02,1.527801010608027116e-02,6.359622058914016999e-04
5.810000000000000000e+02,2.373029308047899452e-02,1.479456997988178382e-02,5.973450427536832917e-04
5.820000000000000000e+02,2.297912042175042843e-02,1.432545941155084768e-02,5.609684179547232532e-04
5.830000000000000000e+02,2.225033515313436933e-02,1.387038438174622614e-02,5.267170617790954083e-04
5.840000000000000000e+02,2.154347541826007184e-02,1.342905114438836325e-02,4.944803307854071447e-04
5.850000000000000000e+02,2.085807919853032225e-02,1.300116621244552448e-02,4.641521064862188335e-04
5.860000000000000000e+02,2.019368432164439855e-02,1.258643634435901472e-02,4.356306909638804604e-04
5.870000000000000000e+02,1.954982846969746668e-02,1.218456853110783805e-02,4.088186998065688419e-04
5.880000000000000000e+02,1.892604918680031167e-02,1.179526998381653750e-02,3.836229527313873475e-04
5.890000000000000000e+02,1.832188388653618535e-02,1.141824812209319903e-02,3.599543622655060619e-04
5.900000000000000000e+02,1.773686985903915464e-02,1.105321056291270858e-02,3.377278208208278794e-04
5.910000000000000000e+02,1.717054427767558331e-02,1.069986510999309734e-02,3.168620864954708365e-04
5.920000000000000000e+02,1.662244420536975950e-02,1.035791974367565940e-02,2.972796679263571377e-04
5.930000000000000000e+02,1.609210660062723730e-02,1.002708261129852708e-02,2.789067085051102554e-04
5.940000000000000000e+02,1.557906832324384809e-02,9.707062018022061950e-03,2.616728702555141473e-04
5.950000000000000000e+02,1.508286613977176047e-02,9.397566418132658264e-03,2.455112176624204374e-04
5.960000000000000000e+02,1.460303672873510678e-02,9.098304406789232274e-03,2.303581017274726700e-04
5.970000000000000000e+02,1.413911668554781835e-02,8.808984712150674107e-03,2.161530445147736104e-04
5.980000000000000000e+02,1.369064252716999976e-02,8.529316187884021169e-03,2.028386244416001242e-04
5.990000000000000000e+02,1.325715069658183441e-02,8.259007806085273684e-03,1.903603625594462378e-04
6.000000000000000000e+02,1.283817756701664467e-02,7.997768650546605018e-03,1.786666100555483008e-04
6.010000000000000000e+02,1.243325944596467003e-02,7.745307910355976252e-03,1.677084371970392874e-04
6.020000000000000000e+02,1.204193257897605458e-02,7.501334873826184281e-03,1.574395239300163912e-04
6.030000000000000000e+02,1.166373315325668590e-02,7.265558922734191225e-03,1.478160523348070294e-04
6.040000000000000000e+02,1.129819730107963112e-02,7.037689526862673899e-03,1.387966011296104486e-04
6.050000000000000000e+02,1.094486110301793810e-02,6.817436238829284109e-03,1.303420424046765108e-04
6.060000000000000000e+02,1.060326059099824143e-02,6.604508689187355876e-03,1.224154407597592155e-04
6.070000000000000000e+02,1.027293175117944754e-02,6.398616581784659710e-03,1.149819550086674864e-04
6.080000000000000000e+02,9.953410526708686423e-03,6.199469689400470725e-03,1.080087426070318568e-04
6.090000000000000000e+02,9.644232820311293697e-03,6.006777849617221665e-03,1.014648669486164281e-04
6.100000000000000000e+02,9.344934496725401316e-03,5.820250960920544427e-03,9.532120766868741298e-05
6.110000000000000000e+02,9.055051384996402539e-03,5.639598979025213336e-03,8.955037408508855705e-05
6.120000000000000000e+02,8.774119280647089264e-03,5.464531913424904193e-03,8.412662190000779654e-05
6.130000000000000000e+02,8.501673947717093560e-03,5.294759824151146210e-03,7.902577327765323710e-05
6.140000000000000000e+02,8.237251120637795881e-03,5.129992818711166455e-03,7.422514040562386956e-05
6.150000000000000000e+02,7.980386506009988154e-03,4.969941049235351328e-03,6.970345264297333500e-05
6.160000000000000000e+02,7.730615784266110964e-03,4.814314709814546643e-03,6.544078734989991497e-05
6.170000000000000000e+02,7.487474611219917600e-03,4.662824034020696291e-03,6.141850448840142592e-05
6.180000000000000000e+02,7.250615099947592054e-03,4.515251863063414646e-03,5.762102318811273508e-05
6.190000000000000000e+02,7.020451786539371429e-03,4.371856073741645088e-03,5.404535376633421497e-05
6.200000000000000000e+02,6.796979533579642144e-03,4.232633072433017452e-03,5.068172388844592206e-05
6.210000000000000000e+02,6.580072698763580162e-03,4.097504208161227048e-03,4.751890184759351984e-05
6.220000000000000000e+02,6.369605629981992326e-03,3.966390845696910264e-03,4.454614373047423542e-05
6.230000000000000000e+02,6.165452665729946082e-03,3.839214364910069691e-03,4.175317850279322649e-05
6.240000000000000000e+02,5.967488135490818177e-03,3.715896160137345007e-03,3.913019324675688030e-05
6.250000000000000000e+02,5.775586360120037177e-03,3.596357639578366076e-03,3.666781856071231515e-05
6.260000000000000000e+02,5.589621652207468067e-03,3.480520224707157363e-03,3.435711413007353209e-05
6.270000000000000000e+02,5.409468316430493529e-03,3.368305349705241151e-03,3.218955447880625289e-05
6.280000000000000000e+02,5.235000649915558073e-03,3.259634460926604579e-03,3.015701491044538892e-05
6.290000000000000000e+02,5.066092942577161626e-03,3.154429016374550414e-03,2.825175764670949784e-05
6.300000000000000000e+02,4.902619477396869853e-03,3.052610485166452892e-03,2.646641817148701127e-05
6.310000000000000000e+02,4.744454530729542291e-03,2.954100347039716710e-03,2.479399178905428961e-05
6.320000000000000000e+02,4.591472372601271106e-03,2.858820091876215601e-03,2.322782040360316219e-05
6.330000000000000000e+02,4.443547266996947936e-03,2.766691219243266713e-03,2.176157952728653526e-05
6.340000000000000000e+02,4.300553472136973109e-03,2.677635237950175013e-03,2.038926552372025006e-05
6.350000000000000000e+02,4.162365240742457555e-03,2.591573665619336352e-03,1.910518309359328986e-05
6.360000000000000000e+02,4.028856820297313512e-03,2.508428028276516158e-03,1.790393300883999844e-05
6.370000000000000000e+02,3.899902453292562136e-03,2.428119859950620546e-03,1.678040010133761181e-05
6.380000000000000000e+02,3.775376377468413289e-03,2.350570702292084039e-03,1.572974151210890150e-05
6.390000000000000000e+02,3.655152826043008788e-03,2.275702104202453196e-03,1.474737520649942978e-05
6.400000000000000000e+02,3.539106027935981849e-03,2.203435621479728906e-03,1.382896876071791658e-05
6.410000000000000000e+02,3.427110207975711444e-03,2.133692816472063103e-03,1.297042842471695847e-05
6.420000000000000000e+02,3.319039587110834098e-03,2.066395257752282576e-03,1.216788846640300164e-05
6.430000000000000000e+02,3.214768382608495026e-03,2.001464519801789393e-03,1.141770080161862608e-05
6.440000000000000000e+02,3.114170808246048087e-03,1.938822182707625923e-03,1.071642491431148023e-05
6.450000000000000000e+02,3.017121074490267899e-03,1.878389831868632629e-03,1.006081807098467580e-05
6.460000000000000000e+02,2.923493388673660629e-03,1.820089057716324336e-03,9.447825833417620696e-06
6.470000000000000000e+02,2.833161955161243341e-03,1.763841455446005495e-03,8.874572873319271153e-06
6.480000000000000000e+02,2.746000975511706747e-03,1.709568624760242741e-03,8.338354092448359512e-06
6.490000000000000000e+02,2.661884648628769397e-03,1.657192169621778035e-03,7.836626051485620311e-06
6.500000000000000000e+02,2.580687170909439724e-03,1.606633698019778369e-03,7.366998710822544084e-06
6.510000000000000000e+02,2.502282736383096198e-03,1.557814821745362108e-03,6.927227486168893609e-06
6.520000000000000000e+02,2.426545536843757386e-03,1.510657156177622586e-03,6.515205621760349140e-06
6.530000000000000000e+02,2.353349761977345609e-03,1.465082320081034306e-03,6.128956883773216223e-06
6.540000000000000000e+02,2.282569599481226730e-03,1.421011935412326826e-03,5.766628576367218731e-06
6.550000000000000000e+02,2.214079235179492941e-03,1.378367627138777458e-03,5.426484882657261626e-06
6.560000000000000000e+02,2.147752853128070960e-03,1.337071023064040701e-03,5.106900532719451992e-06
6.570000000000000000e+02,2.083464635718386068e-03,1.297043753666766693e-03,4.806354800671460583e-06
6.580000000000000000e+02,2.021088763771381521e-03,1.258207451946736447e-03,4.523425832649030812e-06
6.590000000000000000e+02,1.960499416626850736e-03,1.220483753281440334e-03,4.256785307441466596e-06
6.600000000000000000e+02,1.901570772227980126e-03,1.183794295292882326e-03,4.005193431403843913e-06
6.610000000000000000e+02,1.844177007197747402e-03,1.148060717722394330e-03,3.767494269139827984e-06
6.620000000000000000e+02,1.788192296911029697e-03,1.113204662315721597e-03,3.542611411377089082e-06
6.630000000000000000e+02,1.733490815560564686e-03,1.079147772717111136e-03,3.329543981335011943e-06
6.640000000000000000e+02,1.680164363355821609e-03,1.045947186700771575e-03,3.128171960999304803e-06
6.650000000000000000e+02,1.628374631452442559e-03,1.013703554088430433e-03,2.938595713950761160e-06
6.660000000000000000e+02,1.578096954201482771e-03,9.824015003845980570e-04,2.760205156443894309e-06
6.670000000000000000e+02,1.529306663673383202e-03,9.520256505962786803e-04,2.592416085165980508e-06
6.680000000000000000e+02,1.481979091537258915e-03,9.225606303724129091e-04,2.434669399960046855e-06
6.690000000000000000e+02,1.436089569076602016e-03,8.939910659837141654e-04,2.286430330722588507e-06
6.700000000000000000e+02,1.391613427200360902e-03,8.663015843002638654e-04,2.147187675709652920e-06
6.710000000000000000e+02,1.348525996457885113e-03,8.394768127721427987e-04,2.016453051377773025e-06
6.720000000000000000e+02,1.306802607049254317e-03,8.135013794078102935e-04,1.893760153827310802e-06
6.730000000000000000e+02,1.266418588838727401e-03,7.883599127550379795e-04,1.778664031964537253e-06
6.740000000000000000e+02,1.227349271368482781e-03,7.640370418826288382e-04,1.670740372461278754e-06
6.750000000000000000e+02,1.189569983866624586e-03,7.405173963591635874e-04,1.569584796581692554e-06
6.760000000000000000e+02,1.153056055261525350e-03,7.177856062362795737e-04,1.474812168992917576e-06
6.770000000000000000e+02,1.117782814192885311e-03,6.958263020304896775e-04,1.386055918611769468e-06
6.780000000000000000e+02,1.083725589021596915e-03,6.746241147048285050e-04,1.302967371571177152e-06
6.790000000000000000e+02,1.050859707841047186e-03,6.541636756519648554e-04,1.225215096387103434e-06
6.800000000000000000e+02,1.019160498487414182e-03,6.344296166772472921e-04,1.152484261390893376e-06
6.810000000000000000e+02,9.886032885506592857e-04,6.154065699827385074e-04,1.084476004499822221e-06
6.820000000000000000e+02,9.591634053835735706e-04,5.970791681505876721e-04,1.020906815385801579e-06
6.830000000000000000e+02,9.308161761122767802e-04,5.794320441278495454e-04,9.615079301134229994e-07
6.840000000000000000e+02,9.035369276447810082e-04,5.624498312106377762e-04,9.060247383006489886e-07
6.850000000000000000e+02,8.773009866810087265e-04,5.461171630297141210e-04,8.542162028678137581e-07
6.860000000000000000e+02,8.520836797218223459e-04,5.304186735359915769e-04,8.058542924255274205e-07
6.870000000000000000e+02,8.278603330776285532e-04,5.153389969862938198e-04,7.607234263563438348e-07
6.880000000000000000e+02,8.046062728771286900e-04,5.008627679297241809e-04,7.186199326424716088e-07
6.890000000000000000e+02,7.822968250747084577e-04,4.869746211937002554e-04,6.793515184856655103e-07
6.900000000000000000e+02,7.609073154596689235e-04,4.736591918716443047e-04,6.427367537717592708e-07
6.910000000000000000e+02,7.404130696641047669e-04,4.609011153103363093e-04,6.086045674183947105e-07
6.920000000000000000e+02,7.207894131699881315e-04,4.486850270972736346e-04,5.767937566496024165e-07
6.930000000000000000e+02,7.020116713165964941e-04,4.369955630487427477e-04,5.471525092394825996e-07
6.940000000000000000e+02,6.840551693077176216e-04,4.258173591982456841e-04,5.195379387622452040e-07
6.950000000000000000e+02,6.668952322193904495e-04,4.151350517857508335e-04,4.938156328860723729e-07
6.960000000000000000e+02,6.505071850055391385e-04,4.049332772461204915e-04,4.698592147412399690e-07
6.970000000000000000e+02,6.348663525058421053e-04,3.951966721994136468e-04,4.475499174016841704e-07
6.980000000000000000e+02,6.199480594505575896e-04,3.859098734397759444e-04,4.267761715029489414e-07
6.990000000000000000e+02,6.057276304677705701e-04,3.770575179263167755e-04,4.074332060335867348e-07
7.000000000000000000e+02,5.921803900883562417e-04,3.686242427730411584e-04,3.894226623206025236e-07
7.010000000000000000e+02,5.792816627531769498e-04,3.605946852406462320e-04,3.726522212409509113e-07
7.020000000000000000e+02,5.670067728172428160e-04,3.529534827269002620e-04,3.570352436761331200e-07
7.030000000000000000e+02,5.553310445547906832e-04,3.456852727580628074e-04,3.424904242379853360e-07
7.040000000000000000e+02,5.442298021660393458e-04,3.387746929818170232e-04,3.289414582875371669e-07
7.050000000000000000e+02,5.336783697795861783e-04,3.322063811579552793e-04,3.163167222592685102e-07
7.060000000000000000e+02,5.236520714594993355e-04,3.259649751524513941e-04,3.045489673204122573e-07
7.070000000000000000e+02,5.141262312076753504e-04,3.200351129290504777e-04,2.935750263709009261e-07
7.080000000000000000e+02,5.050761729697619135e-04,3.144014325435379479e-04,2.833355344098510202e-07
7.090000000000000000e+02,4.964772206382322365e-04,3.090485721366974746e-04,2.737746622756851033e-07
7.100000000000000000e+02,4.883046980563880354e-04,3.039611699283047163e-04,2.648398637779367247e-07
7.110000000000000000e+02,4.805339290212103315e-04,2.991238642108630169e-04,2.564816362308751184e-07
7.120000000000000000e+02,4.731402372890253834e-04,2.945212933455474595e-04,2.486532944047178786e-07
7.130000000000000000e+02,4.660989465754962306e-04,2.901380957550736355e-04,2.413107578958302784e-07
7.140000000000000000e+02,4.593853805618210227e-04,2.859589099208843018e-04,2.344123519382570434e-07
7.150000000000000000e+02,4.529748628952595625e-04,2.819683743772604290e-04,2.279186216527168320e-07
7.160000000000000000e+02,4.468427171920971892e-04,2.781511277074027858e-04,2.217921597496453601e-07
7.170000000000000000e+02,4.409642670413457029e-04,2.744918085404253385e-04,2.159974476915769693e-07
7.180000000000000000e+02,4.353148360054150817e-04,2.709750555469154424e-04,2.105007103176952912e-07
7.190000000000000000e+02,4.298697476224683147e-04,2.675855074359936490e-04,2.052697839412166762e-07
7.200000000000000000e+02,4.246221086300912381e-04,2.643188729342544892e-04,2.002907669952350213e-07
7.210000000000000000e+02,4.196364510748149023e-04,2.612153227196905149e-04,1.956169018790318755e-07
7.220000000000000000e+02,4.149263130332243735e-04,2.582832838902490301e-04,1.912519738797174131e-07
7.230000000000000000e+02,4.104973299749302570e-04,2.555262642095612992e-04,1.871924864454528161e-07
7.240000000000000000e+02,4.063551373624500361e-04,2.529477714467699657e-04,1.834352401644950936e-07
7.250000000000000000e+02,4.025053706567150065e-04,2.505513133811304062e-04,1.799773683234857561e-07
7.260000000000000000e+02,3.989536653095569719e-04,2.483403977985309294e-04,1.768163731591360929e-07
7.270000000000000000e+02,3.957056567688167878e-04,2.463185324958934983e-04,1.739501628260504038e-07
7.280000000000000000e+02,3.927669804757129486e-04,2.444892252807790269e-04,1.713770890616759813e-07
7.290000000000000000e+02,3.901432718637067531e-04,2.428559839719487252e-04,1.690959855561754050e-07
7.300000000000000000e+02,3.878401663586779997e-04,2.414223164007640485e-04,1.671062070263333253e-07
7.310000000000000000e+02,3.858632993775805756e-04,2.401917304116645870e-04,1.654076689903450006e-07
7.320000000000000000e+02,3.842183063299162669e-04,2.391677338644230427e-04,1.640008882465211088e-07
7.330000000000000000e+02,3.829108226133533352e-04,2.383538346327803553e-04,1.628870240477123095e-07
7.340000000000000000e+02,3.819464836176289946e-04,2.377535406082600066e-04,1.620679199827729315e-07
